pipeline,question_id,question,accepted_pages,retrieved_chunk_ids,retrieved_pages,raw_scores,rank_first_accepted_page,hit,reciprocal_rank,latency_ms
dense,q01,What was India's real GDP growth for 2024-25 per the second advance estimate?,[11],"[""rbi_mpr_2025_04_p012_c04"", ""rbi_mpr_2025_04_p048_c03"", ""rbi_mpr_2025_04_p011_c04"", ""rbi_mpr_2025_04_p059_c00""]","[12, 48, 11, 59]","[0.513571504511886, 0.5119333408039646, 0.49451000221695496, 0.4933281202910125]",3,True,0.3333333333333333,67.63850001152605
dense,q02,By how much was the Cash Reserve Ratio (CRR) reduced in December 2024?,[12],"[""rbi_mpr_2025_04_p012_c00"", ""rbi_mpr_2025_04_p073_c00"", ""rbi_mpr_2025_04_p069_c02"", ""rbi_mpr_2025_04_p107_c01""]","[12, 73, 69, 107]","[0.5009486076765702, 0.4794905512816128, 0.4762825860540546, 0.3905392903245829]",1,True,1.0,29.852000006940216
dense,q03,What did the MPC decide at its February 2025 meeting?,[13],"[""rbi_mpr_2025_04_p012_c00"", ""rbi_mpr_2025_04_p012_c03"", ""rbi_mpr_2025_04_p013_c02"", ""rbi_mpr_2025_04_p013_c03""]","[12, 12, 13, 13]","[0.2456766101888801, 0.24421394595815804, 0.2297172845317449, 0.20566803989033777]",3,True,0.3333333333333333,30.056499992497265
dense,q04,What model is used in Box I.1 to study inflation expectations of economic agents?,[16],"[""rbi_mpr_2025_04_p005_c00"", ""rbi_mpr_2025_04_p016_c03"", ""rbi_mpr_2025_04_p028_c03"", ""rbi_mpr_2025_04_p016_c00""]","[5, 16, 28, 16]","[0.3563158807463429, 0.3273183432086657, 0.3098892726502587, 0.3097425173237437]",2,True,0.5,29.208799998741597
dense,q05,What did professional forecasters project for CPI inflation in Q4:2024-25 as per the March 2025 survey?,[17],"[""rbi_mpr_2025_04_p018_c00"", ""rbi_mpr_2025_04_p017_c01"", ""rbi_mpr_2025_04_p025_c03"", ""rbi_mpr_2025_04_p026_c03""]","[18, 17, 25, 26]","[0.6040811030457578, 0.5940764527336357, 0.5567351035962569, 0.54642547868831]",2,True,0.5,26.799499988555908
dense,q06,What is the CPI inflation projection for 2025-26?,[18],"[""rbi_mpr_2025_04_p026_c03"", ""rbi_mpr_2025_04_p031_c02"", ""rbi_mpr_2025_04_p027_c03"", ""rbi_mpr_2025_04_p012_c05""]","[26, 31, 27, 12]","[0.6283361928952922, 0.5586610459858106, 0.5513754574585205, 0.5427266712629939]",,False,0.0,30.115399975329638
dense,q07,What is the real GDP growth projection for 2025-26?,[20],"[""rbi_mpr_2025_04_p020_c03"", ""rbi_mpr_2025_04_p048_c03"", ""rbi_mpr_2025_04_p021_c03"", ""rbi_mpr_2025_04_p020_c00""]","[20, 48, 21, 20]","[0.5898579325193318, 0.4965459057342737, 0.4832193672630686, 0.4780354313367742]",1,True,1.0,27.57540001766756
dense,q08,Where did headline CPI inflation stand relative to the target by February 2025?,[25],"[""rbi_mpr_2025_04_p025_c00"", ""rbi_mpr_2025_04_p105_c01"", ""rbi_mpr_2025_04_p105_c02"", ""rbi_mpr_2025_04_p026_c00""]","[25, 105, 105, 26]","[0.6066794984033028, 0.6005900795836003, 0.5911898572259731, 0.5905772527828672]",1,True,1.0,27.309600031003356
dense,q09,How much did headline inflation surge from August to September 2024?,[26],"[""rbi_mpr_2025_04_p026_c00"", ""rbi_mpr_2025_04_p025_c00"", ""rbi_mpr_2025_04_p041_c00"", ""rbi_mpr_2025_04_p105_c01""]","[26, 25, 41, 105]","[0.5878860922117497, 0.5513069266828418, 0.5122845083457573, 0.4930725418016425]",1,True,1.0,29.998700018040836
dense,q10,What was food inflation in February 2025?,[31],"[""rbi_mpr_2025_04_p031_c00"", ""rbi_mpr_2025_04_p025_c00"", ""rbi_mpr_2025_04_p031_c01"", ""rbi_mpr_2025_04_p030_c00""]","[31, 25, 31, 30]","[0.6250154005542703, 0.5780673937952577, 0.5769431687580782, 0.5657127616507138]",1,True,1.0,28.91639998415485
dense,q11,How did cereals inflation move from October 2024 to February 2025?,[32],"[""rbi_mpr_2025_04_p032_c00"", ""rbi_mpr_2025_04_p033_c01"", ""rbi_mpr_2025_04_p025_c01"", ""rbi_mpr_2025_04_p031_c00""]","[32, 33, 25, 31]","[0.5426450749642768, 0.5420139680546747, 0.50119938142521, 0.4869214621425685]",1,True,1.0,24.614599999040365
dense,q12,What mainly drove the pick-up in core inflation between August 2024 and February 2025?,[40],"[""rbi_mpr_2025_04_p041_c00"", ""rbi_mpr_2025_04_p040_c00"", ""rbi_mpr_2025_04_p039_c02"", ""rbi_mpr_2025_04_p105_c01""]","[41, 40, 39, 105]","[0.6495824613764822, 0.6039967672018874, 0.5912424986397632, 0.5745842096469234]",2,True,0.5,30.638800002634525
dense,q13,What was PFCE growth in Q3:2024-25 and its contribution to GDP growth?,[48],"[""rbi_mpr_2025_04_p100_c03"", ""rbi_mpr_2025_04_p100_c02"", ""rbi_mpr_2025_04_p053_c00"", ""rbi_mpr_2025_04_p050_c02""]","[100, 100, 53, 50]","[0.444807488173513, 0.43185458151435696, 0.42899559219246897, 0.4204016811937037]",,False,0.0,36.35720000602305
dense,q14,How much did domestic air passenger traffic grow in Q3:2024-25?,[49],"[""rbi_mpr_2025_04_p066_c00"", ""rbi_mpr_2025_04_p067_c00"", ""rbi_mpr_2025_04_p048_c00"", ""rbi_mpr_2025_04_p049_c00""]","[66, 67, 48, 49]","[0.5411803876848262, 0.5131848914704955, 0.3935784574238549, 0.31751136161605975]",4,True,0.25,31.828799983486533
dense,q15,What was India's investment rate in 2023-24?,[52],"[""rbi_mpr_2025_04_p059_c00"", ""rbi_mpr_2025_04_p087_c02"", ""rbi_mpr_2025_04_p084_c02"", ""rbi_mpr_2025_04_p059_c02""]","[59, 87, 84, 59]","[0.5282555508267786, 0.4330645332414077, 0.4147638658557954, 0.39265101602237273]",,False,0.0,26.15029999287799
dense,q16,What were the Centre's gross market borrowings in 2024-25?,[57],"[""rbi_mpr_2025_04_p057_c03"", ""rbi_mpr_2025_04_p057_c00"", ""rbi_mpr_2025_04_p054_c00"", ""rbi_mpr_2025_04_p082_c02""]","[57, 57, 54, 82]","[0.41405470298275104, 0.39533067050384685, 0.3869168951356171, 0.3781428485063162]",1,True,1.0,34.97729997616261
dense,q17,What was foodgrains production per the second advance estimate for 2024-25?,[61],"[""rbi_mpr_2025_04_p061_c00"", ""rbi_mpr_2025_04_p061_c01"", ""rbi_mpr_2025_04_p035_c01"", ""rbi_mpr_2025_04_p031_c00""]","[61, 61, 35, 31]","[0.48051497258151865, 0.46899703967361295, 0.4218095545213616, 0.40858543289203786]",1,True,1.0,30.55639995727688
dense,q18,"What was rice procurement as of March 31, 2025?",[62],"[""rbi_mpr_2025_04_p033_c00"", ""rbi_mpr_2025_04_p062_c00"", ""rbi_mpr_2025_04_p062_c02"", ""rbi_mpr_2025_04_p035_c01""]","[33, 62, 62, 35]","[0.38550699875923067, 0.3454578410455723, 0.31788857591023223, 0.28843661105191054]",2,True,0.5,26.87490003881976
dense,q19,How did industrial sector growth move in 2024-25 per the second advance estimate?,[63],"[""rbi_mpr_2025_04_p100_c02"", ""rbi_mpr_2025_04_p012_c04"", ""rbi_mpr_2025_04_p099_c03"", ""rbi_mpr_2025_04_p101_c02""]","[100, 12, 99, 101]","[0.4539760293048759, 0.42665273317744545, 0.4220323006157416, 0.42073527349966733]",,False,0.0,28.473899990785867
dense,q20,What were the major drivers of liquidity during H2:2024-25?,[70],"[""rbi_mpr_2025_04_p069_c00"", ""rbi_mpr_2025_04_p070_c00"", ""rbi_mpr_2025_04_p075_c00"", ""rbi_mpr_2025_04_p043_c00""]","[69, 70, 75, 43]","[0.43811992127974386, 0.3779785179439722, 0.3349653831087852, 0.3299758705946716]",2,True,0.5,29.122099978849292
dense,q21,What was the average daily net absorption under the LAF in Q3:2024-25?,[71],"[""rbi_mpr_2025_04_p070_c03"", ""rbi_mpr_2025_04_p069_c05"", ""rbi_mpr_2025_04_p059_c04"", ""rbi_mpr_2025_04_p071_c00""]","[70, 69, 59, 71]","[0.4317213974730625, 0.31870255799552316, 0.2817457145571092, 0.2767691832723368]",4,True,0.25,30.87220003362745
dense,q22,"What was Reserve Money (RM) growth as of March 28, 2025?",[73],"[""rbi_mpr_2025_04_p073_c00"", ""rbi_mpr_2025_04_p012_c01"", ""rbi_mpr_2025_04_p060_c00"", ""rbi_mpr_2025_04_p073_c01""]","[73, 12, 60, 73]","[0.6126501895507501, 0.4648403910329231, 0.4005889534709145, 0.3623022505214363]",1,True,1.0,35.84120003506541
dense,q23,What range did the 10-year G-sec yield move in during H2:2024-25?,[78],"[""rbi_mpr_2025_04_p078_c00"", ""rbi_mpr_2025_04_p080_c02"", ""rbi_mpr_2025_04_p079_c00"", ""rbi_mpr_2025_04_p113_c01""]","[78, 80, 79, 113]","[0.411715595037245, 0.3672466659076432, 0.3323500025712902, 0.3108526653135206]",1,True,1.0,30.57709999848157
dense,q24,What was the weighted average maturity of outstanding G-secs at end-March 2025?,[80],"[""rbi_mpr_2025_04_p080_c02"", ""rbi_mpr_2025_04_p080_c00"", ""rbi_mpr_2025_04_p076_c05"", ""rbi_mpr_2025_04_p018_c03""]","[80, 80, 76, 18]","[0.35628414416941423, 0.35335388452669425, 0.26439276120711275, 0.259116650123125]",1,True,1.0,28.843199950642884
dense,q25,How much did credit to MSMEs grow in February 2025?,[89],"[""rbi_mpr_2025_04_p089_c00"", ""rbi_mpr_2025_04_p089_c02"", ""rbi_mpr_2025_04_p088_c01"", ""rbi_mpr_2025_04_p092_c01""]","[89, 89, 88, 92]","[0.4990175233714981, 0.3404931951720801, 0.3294522381487722, 0.31883506768724146]",1,True,1.0,30.738000001292676
dense,q26,By how much did the 1-year median MCLR rise during the May 2022 to January 2025 tightening cycle?,[93],"[""rbi_mpr_2025_04_p099_c04"", ""rbi_mpr_2025_04_p101_c03"", ""rbi_mpr_2025_04_p039_c02"", ""rbi_mpr_2025_04_p099_c03""]","[99, 101, 39, 99]","[0.36035203154714013, 0.34871351650564486, 0.3454879338954091, 0.34412212312256507]",,False,0.0,26.835200027562678
dense,q27,How did Euro area and UK GDP growth compare in Q4:2024?,[100],"[""rbi_mpr_2025_04_p100_c00"", ""rbi_mpr_2025_04_p100_c03"", ""rbi_mpr_2025_04_p047_c02"", ""rbi_mpr_2025_04_p048_c03""]","[100, 100, 47, 48]","[0.4695707425755432, 0.4551198947734615, 0.41516565176264975, 0.3878074580446522]",1,True,1.0,30.268599977716804
dense,q28,How did Brazil's GDP growth move in Q4:2024?,[101],"[""rbi_mpr_2025_04_p101_c00"", ""rbi_mpr_2025_04_p048_c03"", ""rbi_mpr_2025_04_p012_c04"", ""rbi_mpr_2025_04_p013_c00""]","[101, 48, 12, 13]","[0.5392299158294391, 0.4386960265520393, 0.4262707984362397, 0.41001450608449674]",1,True,1.0,28.812100004870445
dense,q29,What milestone did gold prices cross in Q1:2025?,[105],"[""rbi_mpr_2025_04_p105_c00"", ""rbi_mpr_2025_04_p104_c01"", ""rbi_mpr_2025_04_p011_c02"", ""rbi_mpr_2025_04_p103_c01""]","[105, 104, 11, 103]","[0.39331069849526523, 0.36396755679979864, 0.3368297489526646, 0.3117162542395089]",1,True,1.0,24.621599994134158
dense,q30,How did Russia's CPI inflation move between September 2024 and February 2025?,[106],"[""rbi_mpr_2025_04_p106_c00"", ""rbi_mpr_2025_04_p105_c02"", ""rbi_mpr_2025_04_p105_c01"", ""rbi_mpr_2025_04_p039_c03""]","[106, 105, 105, 39]","[0.5928216146129208, 0.5343720700700735, 0.4713943945637611, 0.44923176930224706]",1,True,1.0,25.66119999391958
dense_reranked,q01,What was India's real GDP growth for 2024-25 per the second advance estimate?,[11],"[""rbi_mpr_2025_04_p011_c04"", ""rbi_mpr_2025_04_p013_c01"", ""rbi_mpr_2025_04_p047_c03"", ""rbi_mpr_2025_04_p012_c04""]","[11, 13, 47, 12]","[7.407986164093018, 7.195098400115967, 4.2773284912109375, 4.147915363311768]",1,True,1.0,1313.313000020571
dense_reranked,q02,By how much was the Cash Reserve Ratio (CRR) reduced in December 2024?,[12],"[""rbi_mpr_2025_04_p069_c02"", ""rbi_mpr_2025_04_p073_c00"", ""rbi_mpr_2025_04_p012_c00"", ""rbi_mpr_2025_04_p012_c01""]","[69, 73, 12, 12]","[6.03146505355835, 5.495893955230713, 5.334165096282959, 5.173666000366211]",3,True,0.3333333333333333,1316.9092999887653
dense_reranked,q03,What did the MPC decide at its February 2025 meeting?,[13],"[""rbi_mpr_2025_04_p012_c00"", ""rbi_mpr_2025_04_p012_c01"", ""rbi_mpr_2025_04_p012_c03"", ""rbi_mpr_2025_04_p013_c03""]","[12, 12, 12, 13]","[4.188892841339111, 3.402388095855713, 3.3720240592956543, 3.111870765686035]",4,True,0.25,883.9495999854989
dense_reranked,q04,What model is used in Box I.1 to study inflation expectations of economic agents?,[16],"[""rbi_mpr_2025_04_p016_c00"", ""rbi_mpr_2025_04_p016_c01"", ""rbi_mpr_2025_04_p016_c04"", ""rbi_mpr_2025_04_p005_c00""]","[16, 16, 16, 5]","[7.561100959777832, 5.310635089874268, 3.7610678672790527, 3.1826138496398926]",1,True,1.0,1123.3669000212103
dense_reranked,q05,What did professional forecasters project for CPI inflation in Q4:2024-25 as per the March 2025 survey?,[17],"[""rbi_mpr_2025_04_p017_c01"", ""rbi_mpr_2025_04_p017_c00"", ""rbi_mpr_2025_04_p018_c00"", ""rbi_mpr_2025_04_p018_c03""]","[17, 17, 18, 18]","[7.806324481964111, 6.170855522155762, 5.133172988891602, 4.264232635498047]",1,True,1.0,1037.4011999811046
dense_reranked,q06,What is the CPI inflation projection for 2025-26?,[18],"[""rbi_mpr_2025_04_p018_c00"", ""rbi_mpr_2025_04_p012_c05"", ""rbi_mpr_2025_04_p026_c03"", ""rbi_mpr_2025_04_p105_c01""]","[18, 12, 26, 105]","[8.407083511352539, 7.461174964904785, 6.287467002868652, 5.675508499145508]",1,True,1.0,985.0551999988966
dense_reranked,q07,What is the real GDP growth projection for 2025-26?,[20],"[""rbi_mpr_2025_04_p020_c00"", ""rbi_mpr_2025_04_p020_c03"", ""rbi_mpr_2025_04_p012_c04"", ""rbi_mpr_2025_04_p012_c02""]","[20, 20, 12, 12]","[8.098133087158203, 6.932634353637695, 6.8238115310668945, 6.562213897705078]",1,True,1.0,1058.0565999844112
dense_reranked,q08,Where did headline CPI inflation stand relative to the target by February 2025?,[25],"[""rbi_mpr_2025_04_p025_c00"", ""rbi_mpr_2025_04_p025_c02"", ""rbi_mpr_2025_04_p026_c00"", ""rbi_mpr_2025_04_p105_c01""]","[25, 25, 26, 105]","[6.018728256225586, 5.374889373779297, 4.719164848327637, 4.607744216918945]",1,True,1.0,792.3840999719687
dense_reranked,q09,How much did headline inflation surge from August to September 2024?,[26],"[""rbi_mpr_2025_04_p026_c00"", ""rbi_mpr_2025_04_p025_c00"", ""rbi_mpr_2025_04_p105_c03"", ""rbi_mpr_2025_04_p105_c02""]","[26, 25, 105, 105]","[7.742739677429199, 6.672487258911133, 6.19986629486084, 5.271414756774902]",1,True,1.0,972.9970000335015
dense_reranked,q10,What was food inflation in February 2025?,[31],"[""rbi_mpr_2025_04_p025_c01"", ""rbi_mpr_2025_04_p038_c00"", ""rbi_mpr_2025_04_p030_c01"", ""rbi_mpr_2025_04_p031_c01""]","[25, 38, 30, 31]","[7.61752986907959, 7.340142250061035, 7.27596378326416, 6.940227031707764]",4,True,0.25,648.2627000077628
dense_reranked,q11,How did cereals inflation move from October 2024 to February 2025?,[32],"[""rbi_mpr_2025_04_p032_c00"", ""rbi_mpr_2025_04_p025_c01"", ""rbi_mpr_2025_04_p025_c00"", ""rbi_mpr_2025_04_p031_c01""]","[32, 25, 25, 31]","[5.917655944824219, 5.588052749633789, 4.777306079864502, 3.841068744659424]",1,True,1.0,857.6430999673903
dense_reranked,q12,What mainly drove the pick-up in core inflation between August 2024 and February 2025?,[40],"[""rbi_mpr_2025_04_p040_c00"", ""rbi_mpr_2025_04_p041_c00"", ""rbi_mpr_2025_04_p039_c01"", ""rbi_mpr_2025_04_p025_c03""]","[40, 41, 39, 25]","[8.15629768371582, 8.086000442504883, 7.952388286590576, 6.425978183746338]",1,True,1.0,995.5414999858476
dense_reranked,q13,What was PFCE growth in Q3:2024-25 and its contribution to GDP growth?,[48],"[""rbi_mpr_2025_04_p048_c00"", ""rbi_mpr_2025_04_p053_c00"", ""rbi_mpr_2025_04_p047_c02"", ""rbi_mpr_2025_04_p012_c04""]","[48, 53, 47, 12]","[7.810110569000244, 5.037854194641113, 4.1503424644470215, 3.985140800476074]",1,True,1.0,1226.952800003346
dense_reranked,q14,How much did domestic air passenger traffic grow in Q3:2024-25?,[49],"[""rbi_mpr_2025_04_p048_c00"", ""rbi_mpr_2025_04_p066_c00"", ""rbi_mpr_2025_04_p066_c01"", ""rbi_mpr_2025_04_p067_c00""]","[48, 66, 66, 67]","[8.14019775390625, 7.125303268432617, 5.077771186828613, 4.337128639221191]",,False,0.0,1149.1782999946736
dense_reranked,q15,What was India's investment rate in 2023-24?,[52],"[""rbi_mpr_2025_04_p059_c01"", ""rbi_mpr_2025_04_p059_c00"", ""rbi_mpr_2025_04_p059_c02"", ""rbi_mpr_2025_04_p014_c01""]","[59, 59, 59, 14]","[4.424324035644531, 3.928241014480591, 2.8758962154388428, 1.7794373035430908]",,False,0.0,1158.4733999916352
dense_reranked,q16,What were the Centre's gross market borrowings in 2024-25?,[57],"[""rbi_mpr_2025_04_p057_c00"", ""rbi_mpr_2025_04_p057_c01"", ""rbi_mpr_2025_04_p057_c03"", ""rbi_mpr_2025_04_p054_c00""]","[57, 57, 57, 54]","[9.051164627075195, 6.726776123046875, 6.460901260375977, 3.394073247909546]",1,True,1.0,1072.167200036347
dense_reranked,q17,What was foodgrains production per the second advance estimate for 2024-25?,[61],"[""rbi_mpr_2025_04_p061_c00"", ""rbi_mpr_2025_04_p061_c01"", ""rbi_mpr_2025_04_p013_c01"", ""rbi_mpr_2025_04_p032_c00""]","[61, 61, 13, 32]","[8.52232551574707, 5.114699840545654, 4.005492687225342, 3.7116475105285645]",1,True,1.0,712.5763000221923
dense_reranked,q18,"What was rice procurement as of March 31, 2025?",[62],"[""rbi_mpr_2025_04_p062_c00"", ""rbi_mpr_2025_04_p033_c00"", ""rbi_mpr_2025_04_p062_c02"", ""rbi_mpr_2025_04_p032_c00""]","[62, 33, 62, 32]","[7.814657688140869, 3.741891860961914, 0.22948883473873138, -0.21946170926094055]",1,True,1.0,892.2802999732085
dense_reranked,q19,How did industrial sector growth move in 2024-25 per the second advance estimate?,[63],"[""rbi_mpr_2025_04_p063_c00"", ""rbi_mpr_2025_04_p012_c04"", ""rbi_mpr_2025_04_p063_c01"", ""rbi_mpr_2025_04_p064_c00""]","[63, 12, 63, 64]","[5.392118453979492, 2.6371712684631348, 2.5055503845214844, 2.458364486694336]",1,True,1.0,943.1024999939837
dense_reranked,q20,What were the major drivers of liquidity during H2:2024-25?,[70],"[""rbi_mpr_2025_04_p070_c00"", ""rbi_mpr_2025_04_p075_c00"", ""rbi_mpr_2025_04_p085_c00"", ""rbi_mpr_2025_04_p075_c01""]","[70, 75, 85, 75]","[8.518046379089355, 5.003409385681152, 4.521918296813965, 4.125659465789795]",1,True,1.0,746.9792000483721
dense_reranked,q21,What was the average daily net absorption under the LAF in Q3:2024-25?,[71],"[""rbi_mpr_2025_04_p071_c00"", ""rbi_mpr_2025_04_p069_c05"", ""rbi_mpr_2025_04_p070_c03"", ""rbi_mpr_2025_04_p079_c03""]","[71, 69, 70, 79]","[6.925973415374756, 6.000217914581299, 3.4754819869995117, 0.9739872217178345]",1,True,1.0,860.4290999937803
dense_reranked,q22,"What was Reserve Money (RM) growth as of March 28, 2025?",[73],"[""rbi_mpr_2025_04_p073_c00"", ""rbi_mpr_2025_04_p060_c00"", ""rbi_mpr_2025_04_p073_c01"", ""rbi_mpr_2025_04_p012_c01""]","[73, 60, 73, 12]","[7.560876846313477, 4.895124435424805, 3.5199899673461914, 3.123210906982422]",1,True,1.0,1078.7396999658085
dense_reranked,q23,What range did the 10-year G-sec yield move in during H2:2024-25?,[78],"[""rbi_mpr_2025_04_p078_c00"", ""rbi_mpr_2025_04_p079_c00"", ""rbi_mpr_2025_04_p080_c00"", ""rbi_mpr_2025_04_p073_c01""]","[78, 79, 80, 73]","[9.637723922729492, 5.440991401672363, 5.156606674194336, 3.315828323364258]",1,True,1.0,1083.377400005702
dense_reranked,q24,What was the weighted average maturity of outstanding G-secs at end-March 2025?,[80],"[""rbi_mpr_2025_04_p080_c00"", ""rbi_mpr_2025_04_p080_c01"", ""rbi_mpr_2025_04_p079_c02"", ""rbi_mpr_2025_04_p080_c02""]","[80, 80, 79, 80]","[8.833587646484375, 1.861008644104004, -0.6318719387054443, -1.8840534687042236]",1,True,1.0,1076.8349000136368
dense_reranked,q25,How much did credit to MSMEs grow in February 2025?,[89],"[""rbi_mpr_2025_04_p089_c00"", ""rbi_mpr_2025_04_p088_c01"", ""rbi_mpr_2025_04_p092_c01"", ""rbi_mpr_2025_04_p088_c00""]","[89, 88, 92, 88]","[8.533510208129883, 5.435396194458008, 4.302280426025391, 1.8256759643554688]",1,True,1.0,1069.4554000510834
dense_reranked,q26,By how much did the 1-year median MCLR rise during the May 2022 to January 2025 tightening cycle?,[93],"[""rbi_mpr_2025_04_p044_c01"", ""rbi_mpr_2025_04_p015_c02"", ""rbi_mpr_2025_04_p015_c01"", ""rbi_mpr_2025_04_p107_c00""]","[44, 15, 15, 107]","[-0.08841118216514587, -0.5806397795677185, -1.103621244430542, -1.29844069480896]",,False,0.0,802.5150000466965
dense_reranked,q27,How did Euro area and UK GDP growth compare in Q4:2024?,[100],"[""rbi_mpr_2025_04_p100_c00"", ""rbi_mpr_2025_04_p100_c03"", ""rbi_mpr_2025_04_p020_c00"", ""rbi_mpr_2025_04_p047_c02""]","[100, 100, 20, 47]","[7.2485671043396, 7.0083770751953125, 3.885507583618164, 3.3527438640594482]",1,True,1.0,2076.506600016728
dense_reranked,q28,How did Brazil's GDP growth move in Q4:2024?,[101],"[""rbi_mpr_2025_04_p101_c00"", ""rbi_mpr_2025_04_p100_c03"", ""rbi_mpr_2025_04_p047_c02"", ""rbi_mpr_2025_04_p012_c04""]","[101, 100, 47, 12]","[7.75394344329834, 5.49547815322876, 2.9988040924072266, 2.960391044616699]",1,True,1.0,2001.1442999821156
dense_reranked,q29,What milestone did gold prices cross in Q1:2025?,[105],"[""rbi_mpr_2025_04_p105_c00"", ""rbi_mpr_2025_04_p104_c01"", ""rbi_mpr_2025_04_p011_c02"", ""rbi_mpr_2025_04_p030_c01""]","[105, 104, 11, 30]","[4.693975448608398, 4.140515327453613, 2.327934980392456, 1.5042166709899902]",1,True,1.0,1244.0133999916725
dense_reranked,q30,How did Russia's CPI inflation move between September 2024 and February 2025?,[106],"[""rbi_mpr_2025_04_p106_c00"", ""rbi_mpr_2025_04_p105_c03"", ""rbi_mpr_2025_04_p039_c02"", ""rbi_mpr_2025_04_p039_c01""]","[106, 105, 39, 39]","[7.523594856262207, 6.486532211303711, 5.527957916259766, 5.48021125793457]",1,True,1.0,1093.5124999959953
bm25,q01,What was India's real GDP growth for 2024-25 per the second advance estimate?,[11],"[""rbi_mpr_2025_04_p011_c04"", ""rbi_mpr_2025_04_p100_c02"", ""rbi_mpr_2025_04_p013_c00"", ""rbi_mpr_2025_04_p012_c04""]","[11, 100, 13, 12]","[null, null, null, null]",1,True,1.0,15.883299987763166
bm25,q02,By how much was the Cash Reserve Ratio (CRR) reduced in December 2024?,[12],"[""rbi_mpr_2025_04_p069_c02"", ""rbi_mpr_2025_04_p012_c00"", ""rbi_mpr_2025_04_p012_c01"", ""rbi_mpr_2025_04_p012_c03""]","[69, 12, 12, 12]","[null, null, null, null]",2,True,0.5,3.1364999595098197
bm25,q03,What did the MPC decide at its February 2025 meeting?,[13],"[""rbi_mpr_2025_04_p012_c00"", ""rbi_mpr_2025_04_p013_c02"", ""rbi_mpr_2025_04_p012_c03"", ""rbi_mpr_2025_04_p105_c01""]","[12, 13, 12, 105]","[null, null, null, null]",2,True,0.5,1.6246000304818153
bm25,q04,What model is used in Box I.1 to study inflation expectations of economic agents?,[16],"[""rbi_mpr_2025_04_p016_c00"", ""rbi_mpr_2025_04_p016_c01"", ""rbi_mpr_2025_04_p073_c03"", ""rbi_mpr_2025_04_p028_c03""]","[16, 16, 73, 28]","[null, null, null, null]",1,True,1.0,2.0394999883137643
bm25,q05,What did professional forecasters project for CPI inflation in Q4:2024-25 as per the March 2025 survey?,[17],"[""rbi_mpr_2025_04_p017_c01"", ""rbi_mpr_2025_04_p017_c00"", ""rbi_mpr_2025_04_p019_c02"", ""rbi_mpr_2025_04_p105_c02""]","[17, 17, 19, 105]","[null, null, null, null]",1,True,1.0,2.9599000117741525
bm25,q06,What is the CPI inflation projection for 2025-26?,[18],"[""rbi_mpr_2025_04_p013_c02"", ""rbi_mpr_2025_04_p012_c05"", ""rbi_mpr_2025_04_p016_c00"", ""rbi_mpr_2025_04_p012_c03""]","[13, 12, 16, 12]","[null, null, null, null]",,False,0.0,1.2593999854288995
bm25,q07,What is the real GDP growth projection for 2025-26?,[20],"[""rbi_mpr_2025_04_p020_c00"", ""rbi_mpr_2025_04_p021_c03"", ""rbi_mpr_2025_04_p012_c05"", ""rbi_mpr_2025_04_p019_c02""]","[20, 21, 12, 19]","[null, null, null, null]",1,True,1.0,1.2206999817863107
bm25,q08,Where did headline CPI inflation stand relative to the target by February 2025?,[25],"[""rbi_mpr_2025_04_p025_c00"", ""rbi_mpr_2025_04_p025_c02"", ""rbi_mpr_2025_04_p046_c00"", ""rbi_mpr_2025_04_p105_c02""]","[25, 25, 46, 105]","[null, null, null, null]",1,True,1.0,1.782100007403642
bm25,q09,How much did headline inflation surge from August to September 2024?,[26],"[""rbi_mpr_2025_04_p026_c00"", ""rbi_mpr_2025_04_p025_c01"", ""rbi_mpr_2025_04_p025_c00"", ""rbi_mpr_2025_04_p105_c02""]","[26, 25, 25, 105]","[null, null, null, null]",1,True,1.0,1.9699999829754233
bm25,q10,What was food inflation in February 2025?,[31],"[""rbi_mpr_2025_04_p042_c00"", ""rbi_mpr_2025_04_p016_c00"", ""rbi_mpr_2025_04_p025_c01"", ""rbi_mpr_2025_04_p030_c01""]","[42, 16, 25, 30]","[null, null, null, null]",,False,0.0,1.1151000508107245
bm25,q11,How did cereals inflation move from October 2024 to February 2025?,[32],"[""rbi_mpr_2025_04_p041_c00"", ""rbi_mpr_2025_04_p025_c01"", ""rbi_mpr_2025_04_p105_c02"", ""rbi_mpr_2025_04_p023_c01""]","[41, 25, 105, 23]","[null, null, null, null]",,False,0.0,1.4333000290207565
bm25,q12,What mainly drove the pick-up in core inflation between August 2024 and February 2025?,[40],"[""rbi_mpr_2025_04_p040_c00"", ""rbi_mpr_2025_04_p039_c00"", ""rbi_mpr_2025_04_p041_c00"", ""rbi_mpr_2025_04_p026_c01""]","[40, 39, 41, 26]","[null, null, null, null]",1,True,1.0,1.9541000365279615
bm25,q13,What was PFCE growth in Q3:2024-25 and its contribution to GDP growth?,[48],"[""rbi_mpr_2025_04_p049_c02"", ""rbi_mpr_2025_04_p049_c03"", ""rbi_mpr_2025_04_p048_c02"", ""rbi_mpr_2025_04_p030_c01""]","[49, 49, 48, 30]","[null, null, null, null]",3,True,0.3333333333333333,2.0742000197060406
bm25,q14,How much did domestic air passenger traffic grow in Q3:2024-25?,[49],"[""rbi_mpr_2025_04_p066_c00"", ""rbi_mpr_2025_04_p048_c00"", ""rbi_mpr_2025_04_p067_c00"", ""rbi_mpr_2025_04_p012_c04""]","[66, 48, 67, 12]","[null, null, null, null]",,False,0.0,1.4486000291071832
bm25,q15,What was India's investment rate in 2023-24?,[52],"[""rbi_mpr_2025_04_p016_c00"", ""rbi_mpr_2025_04_p012_c04"", ""rbi_mpr_2025_04_p047_c00"", ""rbi_mpr_2025_04_p075_c00""]","[16, 12, 47, 75]","[null, null, null, null]",,False,0.0,0.9498000144958496
bm25,q16,What were the Centre's gross market borrowings in 2024-25?,[57],"[""rbi_mpr_2025_04_p057_c01"", ""rbi_mpr_2025_04_p057_c00"", ""rbi_mpr_2025_04_p042_c01"", ""rbi_mpr_2025_04_p057_c03""]","[57, 57, 42, 57]","[null, null, null, null]",1,True,1.0,1.2531999964267015
bm25,q17,What was foodgrains production per the second advance estimate for 2024-25?,[61],"[""rbi_mpr_2025_04_p061_c00"", ""rbi_mpr_2025_04_p032_c00"", ""rbi_mpr_2025_04_p061_c01"", ""rbi_mpr_2025_04_p035_c00""]","[61, 32, 61, 35]","[null, null, null, null]",1,True,1.0,1.5257999766618013
bm25,q18,"What was rice procurement as of March 31, 2025?",[62],"[""rbi_mpr_2025_04_p062_c00"", ""rbi_mpr_2025_04_p033_c00"", ""rbi_mpr_2025_04_p035_c01"", ""rbi_mpr_2025_04_p016_c00""]","[62, 33, 35, 16]","[null, null, null, null]",1,True,1.0,2.115999988745898
bm25,q19,How did industrial sector growth move in 2024-25 per the second advance estimate?,[63],"[""rbi_mpr_2025_04_p061_c00"", ""rbi_mpr_2025_04_p063_c00"", ""rbi_mpr_2025_04_p013_c01"", ""rbi_mpr_2025_04_p011_c04""]","[61, 63, 13, 11]","[null, null, null, null]",2,True,0.5,2.23869999172166
bm25,q20,What were the major drivers of liquidity during H2:2024-25?,[70],"[""rbi_mpr_2025_04_p070_c00"", ""rbi_mpr_2025_04_p077_c00"", ""rbi_mpr_2025_04_p071_c03"", ""rbi_mpr_2025_04_p071_c04""]","[70, 77, 71, 71]","[null, null, null, null]",1,True,1.0,1.4392000157386065
bm25,q21,What was the average daily net absorption under the LAF in Q3:2024-25?,[71],"[""rbi_mpr_2025_04_p069_c05"", ""rbi_mpr_2025_04_p069_c04"", ""rbi_mpr_2025_04_p071_c01"", ""rbi_mpr_2025_04_p071_c00""]","[69, 69, 71, 71]","[null, null, null, null]",3,True,0.3333333333333333,1.6091999714262784
bm25,q22,"What was Reserve Money (RM) growth as of March 28, 2025?",[73],"[""rbi_mpr_2025_04_p073_c00"", ""rbi_mpr_2025_04_p087_c01"", ""rbi_mpr_2025_04_p070_c02"", ""rbi_mpr_2025_04_p087_c00""]","[73, 87, 70, 87]","[null, null, null, null]",1,True,1.0,2.153499983251095
bm25,q23,What range did the 10-year G-sec yield move in during H2:2024-25?,[78],"[""rbi_mpr_2025_04_p078_c00"", ""rbi_mpr_2025_04_p113_c01"", ""rbi_mpr_2025_04_p113_c02"", ""rbi_mpr_2025_04_p079_c00""]","[78, 113, 113, 79]","[null, null, null, null]",1,True,1.0,1.4460000093095005
bm25,q24,What was the weighted average maturity of outstanding G-secs at end-March 2025?,[80],"[""rbi_mpr_2025_04_p080_c00"", ""rbi_mpr_2025_04_p093_c01"", ""rbi_mpr_2025_04_p079_c00"", ""rbi_mpr_2025_04_p057_c00""]","[80, 93, 79, 57]","[null, null, null, null]",1,True,1.0,1.4216999989002943
bm25,q25,How much did credit to MSMEs grow in February 2025?,[89],"[""rbi_mpr_2025_04_p089_c00"", ""rbi_mpr_2025_04_p090_c00"", ""rbi_mpr_2025_04_p089_c02"", ""rbi_mpr_2025_04_p090_c01""]","[89, 90, 89, 90]","[null, null, null, null]",1,True,1.0,1.1568000190891325
bm25,q26,By how much did the 1-year median MCLR rise during the May 2022 to January 2025 tightening cycle?,[93],"[""rbi_mpr_2025_04_p093_c00"", ""rbi_mpr_2025_04_p094_c02"", ""rbi_mpr_2025_04_p108_c02"", ""rbi_mpr_2025_04_p095_c02""]","[93, 94, 108, 95]","[null, null, null, null]",1,True,1.0,2.9628999764099717
bm25,q27,How did Euro area and UK GDP growth compare in Q4:2024?,[100],"[""rbi_mpr_2025_04_p100_c03"", ""rbi_mpr_2025_04_p100_c00"", ""rbi_mpr_2025_04_p102_c03"", ""rbi_mpr_2025_04_p106_c02""]","[100, 100, 102, 106]","[null, null, null, null]",1,True,1.0,1.4461000100709498
bm25,q28,How did Brazil's GDP growth move in Q4:2024?,[101],"[""rbi_mpr_2025_04_p048_c02"", ""rbi_mpr_2025_04_p100_c02"", ""rbi_mpr_2025_04_p020_c00"", ""rbi_mpr_2025_04_p101_c00""]","[48, 100, 20, 101]","[null, null, null, null]",4,True,0.25,0.8844999829307199
bm25,q29,What milestone did gold prices cross in Q1:2025?,[105],"[""rbi_mpr_2025_04_p105_c00"", ""rbi_mpr_2025_04_p030_c02"", ""rbi_mpr_2025_04_p046_c01"", ""rbi_mpr_2025_04_p039_c01""]","[105, 30, 46, 39]","[null, null, null, null]",1,True,1.0,0.9896999690681696
bm25,q30,How did Russia's CPI inflation move between September 2024 and February 2025?,[106],"[""rbi_mpr_2025_04_p026_c01"", ""rbi_mpr_2025_04_p105_c02"", ""rbi_mpr_2025_04_p106_c00"", ""rbi_mpr_2025_04_p105_c01""]","[26, 105, 106, 105]","[null, null, null, null]",3,True,0.3333333333333333,1.7272999975830317
bm25_reranked,q01,What was India's real GDP growth for 2024-25 per the second advance estimate?,[11],"[""rbi_mpr_2025_04_p011_c04"", ""rbi_mpr_2025_04_p013_c01"", ""rbi_mpr_2025_04_p012_c05"", ""rbi_mpr_2025_04_p020_c00""]","[11, 13, 12, 20]","[7.407985687255859, 7.195098400115967, 4.438573837280273, 4.3146514892578125]",1,True,1.0,845.3339000116102
bm25_reranked,q02,By how much was the Cash Reserve Ratio (CRR) reduced in December 2024?,[12],"[""rbi_mpr_2025_04_p069_c02"", ""rbi_mpr_2025_04_p073_c00"", ""rbi_mpr_2025_04_p012_c00"", ""rbi_mpr_2025_04_p012_c01""]","[69, 73, 12, 12]","[6.031465530395508, 5.4958930015563965, 5.334164142608643, 5.173666000366211]",3,True,0.3333333333333333,685.8474999899045
bm25_reranked,q03,What did the MPC decide at its February 2025 meeting?,[13],"[""rbi_mpr_2025_04_p012_c00"", ""rbi_mpr_2025_04_p012_c03"", ""rbi_mpr_2025_04_p013_c03"", ""rbi_mpr_2025_04_p069_c04""]","[12, 12, 13, 69]","[4.1888933181762695, 3.3720240592956543, 3.111870765686035, 2.077803611755371]",3,True,0.3333333333333333,664.5456000114791
bm25_reranked,q04,What model is used in Box I.1 to study inflation expectations of economic agents?,[16],"[""rbi_mpr_2025_04_p016_c00"", ""rbi_mpr_2025_04_p016_c01"", ""rbi_mpr_2025_04_p005_c00"", ""rbi_mpr_2025_04_p015_c02""]","[16, 16, 5, 15]","[7.56110143661499, 5.310633659362793, 3.182614326477051, 2.135528326034546]",1,True,1.0,615.4725000378676
bm25_reranked,q05,What did professional forecasters project for CPI inflation in Q4:2024-25 as per the March 2025 survey?,[17],"[""rbi_mpr_2025_04_p017_c01"", ""rbi_mpr_2025_04_p017_c00"", ""rbi_mpr_2025_04_p019_c02"", ""rbi_mpr_2025_04_p046_c00""]","[17, 17, 19, 46]","[7.8063249588012695, 6.170856475830078, 4.194816589355469, 3.3125009536743164]",1,True,1.0,627.0006999839097
bm25_reranked,q06,What is the CPI inflation projection for 2025-26?,[18],"[""rbi_mpr_2025_04_p013_c02"", ""rbi_mpr_2025_04_p012_c05"", ""rbi_mpr_2025_04_p012_c03"", ""rbi_mpr_2025_04_p013_c01""]","[13, 12, 12, 13]","[9.009799003601074, 7.461174964904785, 7.45068359375, 7.179372787475586]",,False,0.0,602.8179000131786
bm25_reranked,q07,What is the real GDP growth projection for 2025-26?,[20],"[""rbi_mpr_2025_04_p013_c01"", ""rbi_mpr_2025_04_p020_c00"", ""rbi_mpr_2025_04_p012_c05"", ""rbi_mpr_2025_04_p012_c04""]","[13, 20, 12, 12]","[9.356037139892578, 8.09813404083252, 7.546909332275391, 6.8238115310668945]",2,True,0.5,729.5140999485739
bm25_reranked,q08,Where did headline CPI inflation stand relative to the target by February 2025?,[25],"[""rbi_mpr_2025_04_p025_c00"", ""rbi_mpr_2025_04_p025_c02"", ""rbi_mpr_2025_04_p025_c01"", ""rbi_mpr_2025_04_p026_c00""]","[25, 25, 25, 26]","[6.018728256225586, 5.374889373779297, 4.860240459442139, 4.719167709350586]",1,True,1.0,616.5279000415467
bm25_reranked,q09,How much did headline inflation surge from August to September 2024?,[26],"[""rbi_mpr_2025_04_p026_c00"", ""rbi_mpr_2025_04_p025_c00"", ""rbi_mpr_2025_04_p105_c03"", ""rbi_mpr_2025_04_p025_c01""]","[26, 25, 105, 25]","[7.742739677429199, 6.672487258911133, 6.19986629486084, 5.972634792327881]",1,True,1.0,989.7858999902382
bm25_reranked,q10,What was food inflation in February 2025?,[31],"[""rbi_mpr_2025_04_p025_c01"", ""rbi_mpr_2025_04_p038_c00"", ""rbi_mpr_2025_04_p030_c01"", ""rbi_mpr_2025_04_p026_c01""]","[25, 38, 30, 26]","[7.61752986907959, 7.340142250061035, 7.27596378326416, 6.064052581787109]",,False,0.0,688.343999965582
bm25_reranked,q11,How did cereals inflation move from October 2024 to February 2025?,[32],"[""rbi_mpr_2025_04_p025_c01"", ""rbi_mpr_2025_04_p025_c00"", ""rbi_mpr_2025_04_p012_c00"", ""rbi_mpr_2025_04_p023_c01""]","[25, 25, 12, 23]","[5.5880537033081055, 4.77730655670166, 4.320079326629639, 4.275071144104004]",,False,0.0,729.7577999997884
bm25_reranked,q12,What mainly drove the pick-up in core inflation between August 2024 and February 2025?,[40],"[""rbi_mpr_2025_04_p040_c00"", ""rbi_mpr_2025_04_p041_c00"", ""rbi_mpr_2025_04_p039_c01"", ""rbi_mpr_2025_04_p025_c03""]","[40, 41, 39, 25]","[8.15629768371582, 8.086000442504883, 7.952387809753418, 6.42597770690918]",1,True,1.0,604.0259999572299
bm25_reranked,q13,What was PFCE growth in Q3:2024-25 and its contribution to GDP growth?,[48],"[""rbi_mpr_2025_04_p049_c02"", ""rbi_mpr_2025_04_p048_c02"", ""rbi_mpr_2025_04_p012_c04"", ""rbi_mpr_2025_04_p011_c04""]","[49, 48, 12, 11]","[6.045489311218262, 5.120542049407959, 3.985140800476074, 3.67240834236145]",2,True,0.5,712.1443999931216
bm25_reranked,q14,How much did domestic air passenger traffic grow in Q3:2024-25?,[49],"[""rbi_mpr_2025_04_p048_c00"", ""rbi_mpr_2025_04_p066_c00"", ""rbi_mpr_2025_04_p066_c01"", ""rbi_mpr_2025_04_p067_c00""]","[48, 66, 66, 67]","[8.140196800231934, 7.125303745269775, 5.077771186828613, 4.337129592895508]",,False,0.0,909.8338999901898
bm25_reranked,q15,What was India's investment rate in 2023-24?,[52],"[""rbi_mpr_2025_04_p052_c00"", ""rbi_mpr_2025_04_p051_c02"", ""rbi_mpr_2025_04_p047_c00"", ""rbi_mpr_2025_04_p012_c04""]","[52, 51, 47, 12]","[4.889862060546875, 2.854921579360962, 0.9839233756065369, 0.2835673987865448]",1,True,1.0,867.2594000236131
bm25_reranked,q16,What were the Centre's gross market borrowings in 2024-25?,[57],"[""rbi_mpr_2025_04_p057_c00"", ""rbi_mpr_2025_04_p057_c01"", ""rbi_mpr_2025_04_p057_c03"", ""rbi_mpr_2025_04_p076_c00""]","[57, 57, 57, 76]","[9.051163673400879, 6.726776123046875, 6.460901737213135, 1.4532554149627686]",1,True,1.0,770.9672000491992
bm25_reranked,q17,What was foodgrains production per the second advance estimate for 2024-25?,[61],"[""rbi_mpr_2025_04_p061_c00"", ""rbi_mpr_2025_04_p061_c01"", ""rbi_mpr_2025_04_p013_c01"", ""rbi_mpr_2025_04_p036_c01""]","[61, 61, 13, 36]","[8.52232551574707, 5.114699840545654, 4.005492687225342, 3.8887698650360107]",1,True,1.0,602.9925000038929
bm25_reranked,q18,"What was rice procurement as of March 31, 2025?",[62],"[""rbi_mpr_2025_04_p062_c00"", ""rbi_mpr_2025_04_p033_c00"", ""rbi_mpr_2025_04_p032_c00"", ""rbi_mpr_2025_04_p035_c01""]","[62, 33, 32, 35]","[7.814657688140869, 3.7418928146362305, -0.2194613814353943, -0.7236810922622681]",1,True,1.0,836.2613000208512
bm25_reranked,q19,How did industrial sector growth move in 2024-25 per the second advance estimate?,[63],"[""rbi_mpr_2025_04_p013_c01"", ""rbi_mpr_2025_04_p011_c04"", ""rbi_mpr_2025_04_p063_c00"", ""rbi_mpr_2025_04_p061_c00""]","[13, 11, 63, 61]","[5.889705657958984, 5.521368980407715, 5.39211893081665, 3.231717109680176]",3,True,0.3333333333333333,710.2690999745391
bm25_reranked,q20,What were the major drivers of liquidity during H2:2024-25?,[70],"[""rbi_mpr_2025_04_p070_c00"", ""rbi_mpr_2025_04_p075_c00"", ""rbi_mpr_2025_04_p077_c01"", ""rbi_mpr_2025_04_p077_c00""]","[70, 75, 77, 77]","[8.518045425415039, 5.003409385681152, 4.870766639709473, 4.464363098144531]",1,True,1.0,825.3546999767423
bm25_reranked,q21,What was the average daily net absorption under the LAF in Q3:2024-25?,[71],"[""rbi_mpr_2025_04_p071_c00"", ""rbi_mpr_2025_04_p069_c05"", ""rbi_mpr_2025_04_p071_c01"", ""rbi_mpr_2025_04_p069_c04""]","[71, 69, 71, 69]","[6.9259724617004395, 6.000217914581299, 5.2402544021606445, 4.8242268562316895]",1,True,1.0,790.8824000041932
bm25_reranked,q22,"What was Reserve Money (RM) growth as of March 28, 2025?",[73],"[""rbi_mpr_2025_04_p073_c00"", ""rbi_mpr_2025_04_p060_c00"", ""rbi_mpr_2025_04_p073_c01"", ""rbi_mpr_2025_04_p019_c02""]","[73, 60, 73, 19]","[7.560876846313477, 4.895124435424805, 3.5199899673461914, 2.578303813934326]",1,True,1.0,1018.0895000230521
bm25_reranked,q23,What range did the 10-year G-sec yield move in during H2:2024-25?,[78],"[""rbi_mpr_2025_04_p078_c00"", ""rbi_mpr_2025_04_p079_c00"", ""rbi_mpr_2025_04_p080_c01"", ""rbi_mpr_2025_04_p080_c00""]","[78, 79, 80, 80]","[9.637723922729492, 5.440991401672363, 5.421534061431885, 5.156606674194336]",1,True,1.0,977.1407999796793
bm25_reranked,q24,What was the weighted average maturity of outstanding G-secs at end-March 2025?,[80],"[""rbi_mpr_2025_04_p080_c00"", ""rbi_mpr_2025_04_p080_c01"", ""rbi_mpr_2025_04_p093_c01"", ""rbi_mpr_2025_04_p079_c00""]","[80, 80, 93, 79]","[8.833587646484375, 1.8610079288482666, 1.2157461643218994, 1.065258264541626]",1,True,1.0,726.9182000309229
bm25_reranked,q25,How much did credit to MSMEs grow in February 2025?,[89],"[""rbi_mpr_2025_04_p089_c00"", ""rbi_mpr_2025_04_p088_c01"", ""rbi_mpr_2025_04_p092_c01"", ""rbi_mpr_2025_04_p088_c00""]","[89, 88, 92, 88]","[8.533510208129883, 5.435397624969482, 4.302279472351074, 1.8256752490997314]",1,True,1.0,758.4175999509171
bm25_reranked,q26,By how much did the 1-year median MCLR rise during the May 2022 to January 2025 tightening cycle?,[93],"[""rbi_mpr_2025_04_p093_c00"", ""rbi_mpr_2025_04_p094_c00"", ""rbi_mpr_2025_04_p094_c03"", ""rbi_mpr_2025_04_p044_c01""]","[93, 94, 94, 44]","[5.677552223205566, 0.9230092167854309, 0.4516008198261261, -0.08841059356927872]",1,True,1.0,718.5334000387229
bm25_reranked,q27,How did Euro area and UK GDP growth compare in Q4:2024?,[100],"[""rbi_mpr_2025_04_p100_c00"", ""rbi_mpr_2025_04_p100_c03"", ""rbi_mpr_2025_04_p020_c00"", ""rbi_mpr_2025_04_p112_c03""]","[100, 100, 20, 112]","[7.2485671043396, 7.0083770751953125, 3.885507583618164, 3.1662070751190186]",1,True,1.0,1226.5958999632858
bm25_reranked,q28,How did Brazil's GDP growth move in Q4:2024?,[101],"[""rbi_mpr_2025_04_p101_c00"", ""rbi_mpr_2025_04_p100_c00"", ""rbi_mpr_2025_04_p047_c02"", ""rbi_mpr_2025_04_p012_c04""]","[101, 100, 47, 12]","[7.753942489624023, 3.5615956783294678, 2.9988036155700684, 2.9603917598724365]",1,True,1.0,820.2706999727525
bm25_reranked,q29,What milestone did gold prices cross in Q1:2025?,[105],"[""rbi_mpr_2025_04_p105_c00"", ""rbi_mpr_2025_04_p030_c01"", ""rbi_mpr_2025_04_p103_c02"", ""rbi_mpr_2025_04_p103_c01""]","[105, 30, 103, 103]","[4.693974494934082, 1.504217505455017, 0.7492097020149231, 0.5991526246070862]",1,True,1.0,834.6356999827549
bm25_reranked,q30,How did Russia's CPI inflation move between September 2024 and February 2025?,[106],"[""rbi_mpr_2025_04_p106_c00"", ""rbi_mpr_2025_04_p105_c03"", ""rbi_mpr_2025_04_p039_c01"", ""rbi_mpr_2025_04_p030_c00""]","[106, 105, 39, 30]","[7.523594856262207, 6.486532211303711, 5.48021125793457, 4.804625511169434]",1,True,1.0,1058.8012000080198
hybrid_rrf,q01,What was India's real GDP growth for 2024-25 per the second advance estimate?,[11],"[""rbi_mpr_2025_04_p011_c04"", ""rbi_mpr_2025_04_p012_c04"", ""rbi_mpr_2025_04_p013_c00"", ""rbi_mpr_2025_04_p100_c02""]","[11, 12, 13, 100]","[0.032266458495966696, 0.032018442622950824, 0.03057889822595705, 0.030017921146953404]",1,True,1.0,36.00449999794364
hybrid_rrf,q02,By how much was the Cash Reserve Ratio (CRR) reduced in December 2024?,[12],"[""rbi_mpr_2025_04_p012_c00"", ""rbi_mpr_2025_04_p069_c02"", ""rbi_mpr_2025_04_p073_c00"", ""rbi_mpr_2025_04_p012_c01""]","[12, 69, 73, 12]","[0.03252247488101534, 0.032266458495966696, 0.03128054740957967, 0.02976190476190476]",1,True,1.0,27.28969999589026
hybrid_rrf,q03,What did the MPC decide at its February 2025 meeting?,[13],"[""rbi_mpr_2025_04_p012_c00"", ""rbi_mpr_2025_04_p013_c02"", ""rbi_mpr_2025_04_p012_c03"", ""rbi_mpr_2025_04_p013_c03""]","[12, 13, 12, 13]","[0.03278688524590164, 0.03200204813108039, 0.03200204813108039, 0.029910714285714284]",2,True,0.5,22.581700002774596
hybrid_rrf,q04,What model is used in Box I.1 to study inflation expectations of economic agents?,[16],"[""rbi_mpr_2025_04_p016_c00"", ""rbi_mpr_2025_04_p028_c03"", ""rbi_mpr_2025_04_p016_c01"", ""rbi_mpr_2025_04_p016_c03""]","[16, 28, 16, 16]","[0.032018442622950824, 0.03149801587301587, 0.03128054740957967, 0.030834914611005692]",1,True,1.0,25.103399995714426
hybrid_rrf,q05,What did professional forecasters project for CPI inflation in Q4:2024-25 as per the March 2025 survey?,[17],"[""rbi_mpr_2025_04_p017_c01"", ""rbi_mpr_2025_04_p017_c00"", ""rbi_mpr_2025_04_p046_c00"", ""rbi_mpr_2025_04_p105_c01""]","[17, 17, 46, 105]","[0.03252247488101534, 0.0315136476426799, 0.030090497737556562, 0.028484848484848488]",1,True,1.0,26.305200008209795
hybrid_rrf,q06,What is the CPI inflation projection for 2025-26?,[18],"[""rbi_mpr_2025_04_p012_c05"", ""rbi_mpr_2025_04_p012_c02"", ""rbi_mpr_2025_04_p028_c03"", ""rbi_mpr_2025_04_p013_c02""]","[12, 12, 28, 13]","[0.031754032258064516, 0.03076923076923077, 0.029418126757516764, 0.01639344262295082]",,False,0.0,26.89849998569116
hybrid_rrf,q07,What is the real GDP growth projection for 2025-26?,[20],"[""rbi_mpr_2025_04_p020_c00"", ""rbi_mpr_2025_04_p021_c03"", ""rbi_mpr_2025_04_p011_c04"", ""rbi_mpr_2025_04_p012_c04""]","[20, 21, 11, 12]","[0.032018442622950824, 0.03200204813108039, 0.030309988518943745, 0.030309988518943745]",1,True,1.0,23.531699960585684
hybrid_rrf,q08,Where did headline CPI inflation stand relative to the target by February 2025?,[25],"[""rbi_mpr_2025_04_p025_c00"", ""rbi_mpr_2025_04_p105_c02"", ""rbi_mpr_2025_04_p025_c02"", ""rbi_mpr_2025_04_p105_c01""]","[25, 105, 25, 105]","[0.03278688524590164, 0.03149801587301587, 0.03128054740957967, 0.030621785881252923]",1,True,1.0,23.508000012952834
hybrid_rrf,q09,How much did headline inflation surge from August to September 2024?,[26],"[""rbi_mpr_2025_04_p026_c00"", ""rbi_mpr_2025_04_p025_c00"", ""rbi_mpr_2025_04_p105_c01"", ""rbi_mpr_2025_04_p105_c02""]","[26, 25, 105, 105]","[0.03278688524590164, 0.03200204813108039, 0.031009615384615385, 0.030776515151515152]",1,True,1.0,25.393999996595085
hybrid_rrf,q10,What was food inflation in February 2025?,[31],"[""rbi_mpr_2025_04_p025_c00"", ""rbi_mpr_2025_04_p025_c01"", ""rbi_mpr_2025_04_p030_c01"", ""rbi_mpr_2025_04_p038_c00""]","[25, 25, 30, 38]","[0.03128054740957967, 0.030798389007344232, 0.029910714285714284, 0.02919863597612958]",,False,0.0,27.019199973437935
hybrid_rrf,q11,How did cereals inflation move from October 2024 to February 2025?,[32],"[""rbi_mpr_2025_04_p025_c01"", ""rbi_mpr_2025_04_p025_c00"", ""rbi_mpr_2025_04_p025_c03"", ""rbi_mpr_2025_04_p041_c00""]","[25, 25, 25, 41]","[0.03200204813108039, 0.029850746268656716, 0.02904040404040404, 0.01639344262295082]",,False,0.0,23.574599996209145
hybrid_rrf,q12,What mainly drove the pick-up in core inflation between August 2024 and February 2025?,[40],"[""rbi_mpr_2025_04_p040_c00"", ""rbi_mpr_2025_04_p041_c00"", ""rbi_mpr_2025_04_p105_c01"", ""rbi_mpr_2025_04_p039_c01""]","[40, 41, 105, 39]","[0.03252247488101534, 0.032266458495966696, 0.030776515151515152, 0.030536130536130537]",1,True,1.0,23.451799992471933
hybrid_rrf,q13,What was PFCE growth in Q3:2024-25 and its contribution to GDP growth?,[48],"[""rbi_mpr_2025_04_p100_c02"", ""rbi_mpr_2025_04_p101_c00"", ""rbi_mpr_2025_04_p012_c04"", ""rbi_mpr_2025_04_p049_c02""]","[100, 101, 12, 49]","[0.030017921146953404, 0.028850145288501453, 0.028370221327967807, 0.01639344262295082]",,False,0.0,28.167099982965738
hybrid_rrf,q14,How much did domestic air passenger traffic grow in Q3:2024-25?,[49],"[""rbi_mpr_2025_04_p066_c00"", ""rbi_mpr_2025_04_p048_c00"", ""rbi_mpr_2025_04_p067_c00"", ""rbi_mpr_2025_04_p066_c01""]","[66, 48, 67, 66]","[0.03278688524590164, 0.03200204813108039, 0.03200204813108039, 0.029877369007803793]",,False,0.0,28.37450004881248
hybrid_rrf,q15,What was India's investment rate in 2023-24?,[52],"[""rbi_mpr_2025_04_p087_c02"", ""rbi_mpr_2025_04_p047_c00"", ""rbi_mpr_2025_04_p016_c00"", ""rbi_mpr_2025_04_p059_c00""]","[87, 47, 16, 59]","[0.030834914611005692, 0.030798389007344232, 0.01639344262295082, 0.01639344262295082]",,False,0.0,24.13999999407679
hybrid_rrf,q16,What were the Centre's gross market borrowings in 2024-25?,[57],"[""rbi_mpr_2025_04_p057_c00"", ""rbi_mpr_2025_04_p057_c03"", ""rbi_mpr_2025_04_p057_c01"", ""rbi_mpr_2025_04_p042_c01""]","[57, 57, 57, 42]","[0.03225806451612903, 0.032018442622950824, 0.031099324975891997, 0.015873015873015872]",1,True,1.0,24.459499982185662
hybrid_rrf,q17,What was foodgrains production per the second advance estimate for 2024-25?,[61],"[""rbi_mpr_2025_04_p061_c00"", ""rbi_mpr_2025_04_p061_c01"", ""rbi_mpr_2025_04_p032_c00"", ""rbi_mpr_2025_04_p033_c02""]","[61, 61, 32, 33]","[0.03278688524590164, 0.03200204813108039, 0.0315136476426799, 0.029418126757516764]",1,True,1.0,25.834099971689284
hybrid_rrf,q18,"What was rice procurement as of March 31, 2025?",[62],"[""rbi_mpr_2025_04_p062_c00"", ""rbi_mpr_2025_04_p033_c00"", ""rbi_mpr_2025_04_p035_c01"", ""rbi_mpr_2025_04_p032_c00""]","[62, 33, 35, 32]","[0.03252247488101534, 0.03252247488101534, 0.03149801587301587, 0.030536130536130537]",1,True,1.0,25.85999999428168
hybrid_rrf,q19,How did industrial sector growth move in 2024-25 per the second advance estimate?,[63],"[""rbi_mpr_2025_04_p063_c00"", ""rbi_mpr_2025_04_p012_c04"", ""rbi_mpr_2025_04_p043_c01"", ""rbi_mpr_2025_04_p063_c01""]","[63, 12, 43, 63]","[0.031054405392392875, 0.030017921146953404, 0.029857397504456328, 0.02821939586645469]",1,True,1.0,25.021599954925478
hybrid_rrf,q20,What were the major drivers of liquidity during H2:2024-25?,[70],"[""rbi_mpr_2025_04_p070_c00"", ""rbi_mpr_2025_04_p075_c01"", ""rbi_mpr_2025_04_p075_c00"", ""rbi_mpr_2025_04_p069_c00""]","[70, 75, 75, 69]","[0.03252247488101534, 0.029850746268656716, 0.02976190476190476, 0.01639344262295082]",1,True,1.0,24.210600007791072
hybrid_rrf,q21,What was the average daily net absorption under the LAF in Q3:2024-25?,[71],"[""rbi_mpr_2025_04_p069_c05"", ""rbi_mpr_2025_04_p071_c00"", ""rbi_mpr_2025_04_p070_c03"", ""rbi_mpr_2025_04_p069_c04""]","[69, 71, 70, 69]","[0.03252247488101534, 0.03125, 0.01639344262295082, 0.016129032258064516]",2,True,0.5,26.377899979706854
hybrid_rrf,q22,"What was Reserve Money (RM) growth as of March 28, 2025?",[73],"[""rbi_mpr_2025_04_p073_c00"", ""rbi_mpr_2025_04_p060_c00"", ""rbi_mpr_2025_04_p073_c01"", ""rbi_mpr_2025_04_p087_c01""]","[73, 60, 73, 87]","[0.03278688524590164, 0.03125763125763126, 0.03055037313432836, 0.016129032258064516]",1,True,1.0,25.033699988853186
hybrid_rrf,q23,What range did the 10-year G-sec yield move in during H2:2024-25?,[78],"[""rbi_mpr_2025_04_p078_c00"", ""rbi_mpr_2025_04_p113_c01"", ""rbi_mpr_2025_04_p079_c00"", ""rbi_mpr_2025_04_p113_c02""]","[78, 113, 79, 113]","[0.03278688524590164, 0.031754032258064516, 0.03149801587301587, 0.030798389007344232]",1,True,1.0,24.564700026530772
hybrid_rrf,q24,What was the weighted average maturity of outstanding G-secs at end-March 2025?,[80],"[""rbi_mpr_2025_04_p080_c00"", ""rbi_mpr_2025_04_p080_c01"", ""rbi_mpr_2025_04_p080_c02"", ""rbi_mpr_2025_04_p093_c01""]","[80, 80, 80, 93]","[0.03252247488101534, 0.02797339593114241, 0.01639344262295082, 0.016129032258064516]",1,True,1.0,27.198499999940395
hybrid_rrf,q25,How much did credit to MSMEs grow in February 2025?,[89],"[""rbi_mpr_2025_04_p089_c00"", ""rbi_mpr_2025_04_p089_c02"", ""rbi_mpr_2025_04_p088_c01"", ""rbi_mpr_2025_04_p090_c01""]","[89, 89, 88, 90]","[0.03278688524590164, 0.03200204813108039, 0.03125763125763126, 0.030330882352941176]",1,True,1.0,23.79450004082173
hybrid_rrf,q26,By how much did the 1-year median MCLR rise during the May 2022 to January 2025 tightening cycle?,[93],"[""rbi_mpr_2025_04_p039_c02"", ""rbi_mpr_2025_04_p044_c01"", ""rbi_mpr_2025_04_p093_c00"", ""rbi_mpr_2025_04_p099_c04""]","[39, 44, 93, 99]","[0.02976190476190476, 0.029437229437229435, 0.01639344262295082, 0.01639344262295082]",3,True,0.3333333333333333,28.958500013686717
hybrid_rrf,q27,How did Euro area and UK GDP growth compare in Q4:2024?,[100],"[""rbi_mpr_2025_04_p100_c03"", ""rbi_mpr_2025_04_p100_c00"", ""rbi_mpr_2025_04_p100_c01"", ""rbi_mpr_2025_04_p020_c00""]","[100, 100, 100, 20]","[0.03252247488101534, 0.03252247488101534, 0.02857142857142857, 0.027598020555767037]",1,True,1.0,24.17829999467358
hybrid_rrf,q28,How did Brazil's GDP growth move in Q4:2024?,[101],"[""rbi_mpr_2025_04_p101_c00"", ""rbi_mpr_2025_04_p012_c04"", ""rbi_mpr_2025_04_p047_c02"", ""rbi_mpr_2025_04_p100_c02""]","[101, 12, 47, 100]","[0.032018442622950824, 0.03125763125763126, 0.030536130536130537, 0.03021353930031804]",1,True,1.0,25.032599980477244
hybrid_rrf,q29,What milestone did gold prices cross in Q1:2025?,[105],"[""rbi_mpr_2025_04_p105_c00"", ""rbi_mpr_2025_04_p030_c02"", ""rbi_mpr_2025_04_p046_c01"", ""rbi_mpr_2025_04_p103_c01""]","[105, 30, 46, 103]","[0.03278688524590164, 0.030834914611005692, 0.03036576949620428, 0.030117753623188408]",1,True,1.0,23.51869997801259
hybrid_rrf,q30,How did Russia's CPI inflation move between September 2024 and February 2025?,[106],"[""rbi_mpr_2025_04_p106_c00"", ""rbi_mpr_2025_04_p105_c02"", ""rbi_mpr_2025_04_p105_c01"", ""rbi_mpr_2025_04_p105_c03""]","[106, 105, 105, 105]","[0.032266458495966696, 0.03225806451612903, 0.03149801587301587, 0.02967032967032967]",1,True,1.0,27.743500017095357
hybrid_reranked,q01,What was India's real GDP growth for 2024-25 per the second advance estimate?,[11],"[""rbi_mpr_2025_04_p011_c04"", ""rbi_mpr_2025_04_p013_c01"", ""rbi_mpr_2025_04_p020_c00"", ""rbi_mpr_2025_04_p012_c04""]","[11, 13, 20, 12]","[7.407985687255859, 7.195098400115967, 4.3146514892578125, 4.147915363311768]",1,True,1.0,903.0238999985158
hybrid_reranked,q02,By how much was the Cash Reserve Ratio (CRR) reduced in December 2024?,[12],"[""rbi_mpr_2025_04_p069_c02"", ""rbi_mpr_2025_04_p073_c00"", ""rbi_mpr_2025_04_p012_c00"", ""rbi_mpr_2025_04_p012_c01""]","[69, 73, 12, 12]","[6.031465530395508, 5.4958930015563965, 5.334164142608643, 5.173666000366211]",3,True,0.3333333333333333,786.0832000151277
hybrid_reranked,q03,What did the MPC decide at its February 2025 meeting?,[13],"[""rbi_mpr_2025_04_p012_c00"", ""rbi_mpr_2025_04_p012_c01"", ""rbi_mpr_2025_04_p012_c03"", ""rbi_mpr_2025_04_p013_c03""]","[12, 12, 12, 13]","[4.188892841339111, 3.402388095855713, 3.3720240592956543, 3.111870765686035]",4,True,0.25,640.1703000301495
hybrid_reranked,q04,What model is used in Box I.1 to study inflation expectations of economic agents?,[16],"[""rbi_mpr_2025_04_p016_c00"", ""rbi_mpr_2025_04_p016_c01"", ""rbi_mpr_2025_04_p016_c04"", ""rbi_mpr_2025_04_p005_c00""]","[16, 16, 16, 5]","[7.561100959777832, 5.310635089874268, 3.7610678672790527, 3.1826138496398926]",1,True,1.0,758.1889000139199
hybrid_reranked,q05,What did professional forecasters project for CPI inflation in Q4:2024-25 as per the March 2025 survey?,[17],"[""rbi_mpr_2025_04_p017_c01"", ""rbi_mpr_2025_04_p017_c00"", ""rbi_mpr_2025_04_p018_c00"", ""rbi_mpr_2025_04_p019_c02""]","[17, 17, 18, 19]","[7.806324481964111, 6.170855522155762, 5.133172988891602, 4.194817543029785]",1,True,1.0,663.9886000193655
hybrid_reranked,q06,What is the CPI inflation projection for 2025-26?,[18],"[""rbi_mpr_2025_04_p013_c02"", ""rbi_mpr_2025_04_p012_c05"", ""rbi_mpr_2025_04_p012_c03"", ""rbi_mpr_2025_04_p013_c01""]","[13, 12, 12, 13]","[9.009799003601074, 7.461174964904785, 7.450684547424316, 7.179372787475586]",,False,0.0,1443.3878000127152
hybrid_reranked,q07,What is the real GDP growth projection for 2025-26?,[20],"[""rbi_mpr_2025_04_p020_c00"", ""rbi_mpr_2025_04_p012_c05"", ""rbi_mpr_2025_04_p020_c03"", ""rbi_mpr_2025_04_p012_c04""]","[20, 12, 20, 12]","[8.098133087158203, 7.546909332275391, 6.932634353637695, 6.8238115310668945]",1,True,1.0,1837.028999987524
hybrid_reranked,q08,Where did headline CPI inflation stand relative to the target by February 2025?,[25],"[""rbi_mpr_2025_04_p025_c00"", ""rbi_mpr_2025_04_p025_c02"", ""rbi_mpr_2025_04_p026_c00"", ""rbi_mpr_2025_04_p105_c01""]","[25, 25, 26, 105]","[6.018729209899902, 5.3748884201049805, 4.719165802001953, 4.607743740081787]",1,True,1.0,911.6287999786437
hybrid_reranked,q09,How much did headline inflation surge from August to September 2024?,[26],"[""rbi_mpr_2025_04_p026_c00"", ""rbi_mpr_2025_04_p025_c00"", ""rbi_mpr_2025_04_p105_c03"", ""rbi_mpr_2025_04_p025_c01""]","[26, 25, 105, 25]","[7.742739677429199, 6.672487258911133, 6.19986629486084, 5.972634792327881]",1,True,1.0,1457.7147000236437
hybrid_reranked,q10,What was food inflation in February 2025?,[31],"[""rbi_mpr_2025_04_p025_c01"", ""rbi_mpr_2025_04_p038_c00"", ""rbi_mpr_2025_04_p030_c01"", ""rbi_mpr_2025_04_p031_c01""]","[25, 38, 30, 31]","[7.61752986907959, 7.340142250061035, 7.27596378326416, 6.940227031707764]",4,True,0.25,862.4902000301518
hybrid_reranked,q11,How did cereals inflation move from October 2024 to February 2025?,[32],"[""rbi_mpr_2025_04_p032_c00"", ""rbi_mpr_2025_04_p025_c01"", ""rbi_mpr_2025_04_p025_c00"", ""rbi_mpr_2025_04_p012_c00""]","[32, 25, 25, 12]","[5.917656421661377, 5.5880537033081055, 4.77730655670166, 4.320079326629639]",1,True,1.0,914.5161000196822
hybrid_reranked,q12,What mainly drove the pick-up in core inflation between August 2024 and February 2025?,[40],"[""rbi_mpr_2025_04_p040_c00"", ""rbi_mpr_2025_04_p041_c00"", ""rbi_mpr_2025_04_p039_c01"", ""rbi_mpr_2025_04_p025_c03""]","[40, 41, 39, 25]","[8.15629768371582, 8.086000442504883, 7.952388286590576, 6.425978183746338]",1,True,1.0,1387.3173000174575
hybrid_reranked,q13,What was PFCE growth in Q3:2024-25 and its contribution to GDP growth?,[48],"[""rbi_mpr_2025_04_p049_c02"", ""rbi_mpr_2025_04_p048_c02"", ""rbi_mpr_2025_04_p053_c00"", ""rbi_mpr_2025_04_p047_c02""]","[49, 48, 53, 47]","[6.04548978805542, 5.120541572570801, 5.037854194641113, 4.1503424644470215]",2,True,0.5,1650.0526000163518
hybrid_reranked,q14,How much did domestic air passenger traffic grow in Q3:2024-25?,[49],"[""rbi_mpr_2025_04_p048_c00"", ""rbi_mpr_2025_04_p066_c00"", ""rbi_mpr_2025_04_p066_c01"", ""rbi_mpr_2025_04_p067_c00""]","[48, 66, 66, 67]","[8.14019775390625, 7.125303268432617, 5.077771186828613, 4.337128639221191]",,False,0.0,1543.9619999960996
hybrid_reranked,q15,What was India's investment rate in 2023-24?,[52],"[""rbi_mpr_2025_04_p052_c00"", ""rbi_mpr_2025_04_p059_c01"", ""rbi_mpr_2025_04_p059_c00"", ""rbi_mpr_2025_04_p059_c02""]","[52, 59, 59, 59]","[4.889862060546875, 4.424324035644531, 3.9282424449920654, 2.8758959770202637]",1,True,1.0,1267.0781000051647
hybrid_reranked,q16,What were the Centre's gross market borrowings in 2024-25?,[57],"[""rbi_mpr_2025_04_p057_c00"", ""rbi_mpr_2025_04_p057_c01"", ""rbi_mpr_2025_04_p057_c03"", ""rbi_mpr_2025_04_p054_c00""]","[57, 57, 57, 54]","[9.051164627075195, 6.726776123046875, 6.460901260375977, 3.394073247909546]",1,True,1.0,1469.8734999983571
hybrid_reranked,q17,What was foodgrains production per the second advance estimate for 2024-25?,[61],"[""rbi_mpr_2025_04_p061_c00"", ""rbi_mpr_2025_04_p061_c01"", ""rbi_mpr_2025_04_p013_c01"", ""rbi_mpr_2025_04_p036_c01""]","[61, 61, 13, 36]","[8.52232551574707, 5.114699840545654, 4.005492687225342, 3.8887698650360107]",1,True,1.0,1013.4322000085376
hybrid_reranked,q18,"What was rice procurement as of March 31, 2025?",[62],"[""rbi_mpr_2025_04_p062_c00"", ""rbi_mpr_2025_04_p033_c00"", ""rbi_mpr_2025_04_p062_c02"", ""rbi_mpr_2025_04_p032_c00""]","[62, 33, 62, 32]","[7.814657688140869, 3.741891860961914, 0.22948883473873138, -0.21946170926094055]",1,True,1.0,1141.2704000249505
hybrid_reranked,q19,How did industrial sector growth move in 2024-25 per the second advance estimate?,[63],"[""rbi_mpr_2025_04_p013_c01"", ""rbi_mpr_2025_04_p011_c04"", ""rbi_mpr_2025_04_p063_c00"", ""rbi_mpr_2025_04_p061_c00""]","[13, 11, 63, 61]","[5.889703750610352, 5.5213704109191895, 5.392118453979492, 3.231717586517334]",3,True,0.3333333333333333,1249.459599959664
hybrid_reranked,q20,What were the major drivers of liquidity during H2:2024-25?,[70],"[""rbi_mpr_2025_04_p070_c00"", ""rbi_mpr_2025_04_p075_c00"", ""rbi_mpr_2025_04_p077_c01"", ""rbi_mpr_2025_04_p085_c00""]","[70, 75, 77, 85]","[8.518045425415039, 5.003409385681152, 4.870766639709473, 4.521917819976807]",1,True,1.0,1091.1557000363246
hybrid_reranked,q21,What was the average daily net absorption under the LAF in Q3:2024-25?,[71],"[""rbi_mpr_2025_04_p071_c00"", ""rbi_mpr_2025_04_p069_c05"", ""rbi_mpr_2025_04_p071_c01"", ""rbi_mpr_2025_04_p069_c04""]","[71, 69, 71, 69]","[6.925973415374756, 6.000217914581299, 5.240255355834961, 4.824227333068848]",1,True,1.0,924.8758000321686
hybrid_reranked,q22,"What was Reserve Money (RM) growth as of March 28, 2025?",[73],"[""rbi_mpr_2025_04_p073_c00"", ""rbi_mpr_2025_04_p060_c00"", ""rbi_mpr_2025_04_p073_c01"", ""rbi_mpr_2025_04_p012_c01""]","[73, 60, 73, 12]","[7.560876846313477, 4.895124435424805, 3.5199899673461914, 3.123210906982422]",1,True,1.0,1370.3031000331976
hybrid_reranked,q23,What range did the 10-year G-sec yield move in during H2:2024-25?,[78],"[""rbi_mpr_2025_04_p078_c00"", ""rbi_mpr_2025_04_p079_c00"", ""rbi_mpr_2025_04_p080_c00"", ""rbi_mpr_2025_04_p081_c00""]","[78, 79, 80, 81]","[9.637723922729492, 5.440991401672363, 5.156606674194336, 4.951419353485107]",1,True,1.0,1346.1516000097618
hybrid_reranked,q24,What was the weighted average maturity of outstanding G-secs at end-March 2025?,[80],"[""rbi_mpr_2025_04_p080_c00"", ""rbi_mpr_2025_04_p080_c01"", ""rbi_mpr_2025_04_p093_c01"", ""rbi_mpr_2025_04_p079_c00""]","[80, 80, 93, 79]","[8.833587646484375, 1.861008644104004, 1.2157461643218994, 1.0652577877044678]",1,True,1.0,1445.5652000033297
hybrid_reranked,q25,How much did credit to MSMEs grow in February 2025?,[89],"[""rbi_mpr_2025_04_p089_c00"", ""rbi_mpr_2025_04_p088_c01"", ""rbi_mpr_2025_04_p092_c01"", ""rbi_mpr_2025_04_p088_c00""]","[89, 88, 92, 88]","[8.533510208129883, 5.435396194458008, 4.302280426025391, 1.8256759643554688]",1,True,1.0,1547.0550000318326
hybrid_reranked,q26,By how much did the 1-year median MCLR rise during the May 2022 to January 2025 tightening cycle?,[93],"[""rbi_mpr_2025_04_p093_c00"", ""rbi_mpr_2025_04_p094_c00"", ""rbi_mpr_2025_04_p044_c01"", ""rbi_mpr_2025_04_p107_c01""]","[93, 94, 44, 107]","[5.677552223205566, 0.9230092167854309, -0.08841059356927872, -0.3678300082683563]",1,True,1.0,1195.6301999744028
hybrid_reranked,q27,How did Euro area and UK GDP growth compare in Q4:2024?,[100],"[""rbi_mpr_2025_04_p100_c00"", ""rbi_mpr_2025_04_p100_c03"", ""rbi_mpr_2025_04_p020_c00"", ""rbi_mpr_2025_04_p047_c02""]","[100, 100, 20, 47]","[7.2485671043396, 7.0083770751953125, 3.885507583618164, 3.3527438640594482]",1,True,1.0,1849.2465000017546
hybrid_reranked,q28,How did Brazil's GDP growth move in Q4:2024?,[101],"[""rbi_mpr_2025_04_p101_c00"", ""rbi_mpr_2025_04_p100_c03"", ""rbi_mpr_2025_04_p047_c02"", ""rbi_mpr_2025_04_p012_c04""]","[101, 100, 47, 12]","[7.75394344329834, 5.49547815322876, 2.9988040924072266, 2.960391044616699]",1,True,1.0,1719.4610000005923
hybrid_reranked,q29,What milestone did gold prices cross in Q1:2025?,[105],"[""rbi_mpr_2025_04_p105_c00"", ""rbi_mpr_2025_04_p104_c01"", ""rbi_mpr_2025_04_p011_c02"", ""rbi_mpr_2025_04_p030_c01""]","[105, 104, 11, 30]","[4.693974494934082, 4.140514850616455, 2.3279337882995605, 1.5042186975479126]",1,True,1.0,1069.9717999668792
hybrid_reranked,q30,How did Russia's CPI inflation move between September 2024 and February 2025?,[106],"[""rbi_mpr_2025_04_p106_c00"", ""rbi_mpr_2025_04_p105_c03"", ""rbi_mpr_2025_04_p039_c02"", ""rbi_mpr_2025_04_p039_c01""]","[106, 105, 39, 39]","[7.523594856262207, 6.486532211303711, 5.527957916259766, 5.48021125793457]",1,True,1.0,1558.1827000132762
