classification,estimated_input_tokens,evidence_rank_after_reranking,evidence_rank_before_reranking,experiment_id,final_selected,input_text_length,question_id,rank_change,report_id,reranker_score,truncation_risk
unchanged,,1,1,AQ01,True,,oct_dev_001,0,rbi_mpr_2025_10,,False
promoted,,4,6,AQ01,True,,oct_dev_002,2,rbi_mpr_2025_10,,False
promoted,,3,10,AQ01,True,,oct_dev_003,7,rbi_mpr_2025_10,,False
unchanged,,1,1,AQ01,True,,oct_dev_004,0,rbi_mpr_2025_10,,False
promoted,,9,14,AQ01,True,,oct_dev_005,5,rbi_mpr_2025_10,,False
unchanged,,1,1,AQ01,True,,oct_dev_006,0,rbi_mpr_2025_10,,False
demoted,,2,1,AQ01,True,,apr26_dev_001,-1,rbi_mpr_2026_04,,False
demoted,,17,7,AQ01,True,,apr26_dev_002,-10,rbi_mpr_2026_04,,False
demoted,,12,4,AQ01,True,,apr26_dev_003,-8,rbi_mpr_2026_04,,False
promoted,,12,16,AQ01,True,,apr26_dev_004,4,rbi_mpr_2026_04,,False
promoted,,10,14,AQ01,True,,apr26_dev_005,4,rbi_mpr_2026_04,,False
demoted,,3,2,AQ01,True,,apr26_dev_006,-1,rbi_mpr_2026_04,,False
promoted,,3,25,AQ01,True,,cmp_dev_001,22,rbi_mpr_2025_04,,False
demoted,,4,1,AQ01,True,,cmp_dev_001,-3,rbi_mpr_2025_10,,False
unchanged,,1,1,AQ01,True,,cmp_dev_002,0,rbi_mpr_2025_04,,False
demoted,,2,1,AQ01,True,,cmp_dev_002,-1,rbi_mpr_2025_10,,False
unchanged,,1,1,AQ01,True,,cmp_dev_003,0,rbi_mpr_2025_04,,False
unchanged,,1,1,AQ01,True,,cmp_dev_003,0,rbi_mpr_2025_10,,False
promoted,,4,25,AQ01,True,,cmp_dev_004,21,rbi_mpr_2025_10,,False
demoted,,3,1,AQ01,True,,cmp_dev_005,-2,rbi_mpr_2025_10,,False
demoted,,24,2,AQ01,True,,cmp_dev_005,-22,rbi_mpr_2026_04,,False
unchanged,,2,2,AQ01,True,,cmp_dev_006,0,rbi_mpr_2025_10,,False
promoted,,14,20,AQ01,True,,cmp_dev_007,6,rbi_mpr_2025_10,,False
demoted,,20,7,AQ01,True,,cmp_dev_007,-13,rbi_mpr_2026_04,,False
promoted,,1,11,AQ01,True,,cmp_dev_008,10,rbi_mpr_2025_10,,False
promoted,,1,25,AQ01,True,,cmp_dev_008,24,rbi_mpr_2026_04,,False
promoted,,1,4,AQ01,True,,cmp_dev_011,3,rbi_mpr_2025_04,,False
demoted,,23,11,AQ01,True,,cmp_dev_011,-12,rbi_mpr_2026_04,,False
demoted,,11,5,AQ01,True,,cmp_dev_012,-6,rbi_mpr_2025_04,,False
promoted,,1,9,AQ01,True,,cmp_dev_012,8,rbi_mpr_2026_04,,False
promoted,,4,21,AQ01,True,,trend_dev_001,17,rbi_mpr_2026_04,,False
demoted,,11,5,AQ01,True,,trend_dev_002,-6,rbi_mpr_2025_10,,False
promoted,,1,9,AQ01,True,,trend_dev_003,8,rbi_mpr_2025_04,,False
promoted,,2,12,AQ01,True,,trend_dev_003,10,rbi_mpr_2025_10,,False
demoted,,7,6,AQ01,True,,trend_dev_003,-1,rbi_mpr_2026_04,,False
demoted,,3,1,AQ01,True,,trend_dev_005,-2,rbi_mpr_2025_04,,False
promoted,,1,11,AQ01,True,,trend_dev_005,10,rbi_mpr_2025_10,,False
promoted,,2,15,AQ01,True,,trend_dev_005,13,rbi_mpr_2026_04,,False
unchanged,,1,1,AQ01,True,,trend_dev_006,0,rbi_mpr_2025_04,,False
demoted,,6,2,AQ01,True,,trend_dev_006,-4,rbi_mpr_2025_10,,False
demoted,,4,1,AQ01,True,,trend_dev_006,-3,rbi_mpr_2026_04,,False
unchanged,,1,1,BM02,True,,oct_dev_001,0,rbi_mpr_2025_10,,False
promoted,,4,6,BM02,True,,oct_dev_002,2,rbi_mpr_2025_10,,False
promoted,,3,10,BM02,True,,oct_dev_003,7,rbi_mpr_2025_10,,False
unchanged,,1,1,BM02,True,,oct_dev_004,0,rbi_mpr_2025_10,,False
promoted,,9,14,BM02,True,,oct_dev_005,5,rbi_mpr_2025_10,,False
unchanged,,1,1,BM02,True,,oct_dev_006,0,rbi_mpr_2025_10,,False
demoted,,2,1,BM02,True,,apr26_dev_001,-1,rbi_mpr_2026_04,,False
demoted,,17,7,BM02,True,,apr26_dev_002,-10,rbi_mpr_2026_04,,False
demoted,,12,4,BM02,True,,apr26_dev_003,-8,rbi_mpr_2026_04,,False
promoted,,12,16,BM02,True,,apr26_dev_004,4,rbi_mpr_2026_04,,False
promoted,,10,14,BM02,True,,apr26_dev_005,4,rbi_mpr_2026_04,,False
demoted,,3,2,BM02,True,,apr26_dev_006,-1,rbi_mpr_2026_04,,False
promoted,,3,25,BM02,True,,cmp_dev_001,22,rbi_mpr_2025_04,,False
demoted,,4,1,BM02,True,,cmp_dev_001,-3,rbi_mpr_2025_10,,False
unchanged,,1,1,BM02,True,,cmp_dev_002,0,rbi_mpr_2025_04,,False
demoted,,2,1,BM02,True,,cmp_dev_002,-1,rbi_mpr_2025_10,,False
unchanged,,1,1,BM02,True,,cmp_dev_003,0,rbi_mpr_2025_04,,False
unchanged,,1,1,BM02,True,,cmp_dev_003,0,rbi_mpr_2025_10,,False
promoted,,4,25,BM02,True,,cmp_dev_004,21,rbi_mpr_2025_10,,False
demoted,,3,1,BM02,True,,cmp_dev_005,-2,rbi_mpr_2025_10,,False
demoted,,24,2,BM02,True,,cmp_dev_005,-22,rbi_mpr_2026_04,,False
unchanged,,2,2,BM02,True,,cmp_dev_006,0,rbi_mpr_2025_10,,False
promoted,,14,20,BM02,True,,cmp_dev_007,6,rbi_mpr_2025_10,,False
demoted,,20,7,BM02,True,,cmp_dev_007,-13,rbi_mpr_2026_04,,False
promoted,,1,11,BM02,True,,cmp_dev_008,10,rbi_mpr_2025_10,,False
promoted,,1,25,BM02,True,,cmp_dev_008,24,rbi_mpr_2026_04,,False
promoted,,1,4,BM02,True,,cmp_dev_011,3,rbi_mpr_2025_04,,False
demoted,,23,11,BM02,True,,cmp_dev_011,-12,rbi_mpr_2026_04,,False
demoted,,11,5,BM02,True,,cmp_dev_012,-6,rbi_mpr_2025_04,,False
promoted,,1,9,BM02,True,,cmp_dev_012,8,rbi_mpr_2026_04,,False
promoted,,4,21,BM02,True,,trend_dev_001,17,rbi_mpr_2026_04,,False
demoted,,11,5,BM02,True,,trend_dev_002,-6,rbi_mpr_2025_10,,False
promoted,,1,9,BM02,True,,trend_dev_003,8,rbi_mpr_2025_04,,False
promoted,,2,12,BM02,True,,trend_dev_003,10,rbi_mpr_2025_10,,False
demoted,,7,6,BM02,True,,trend_dev_003,-1,rbi_mpr_2026_04,,False
demoted,,3,1,BM02,True,,trend_dev_005,-2,rbi_mpr_2025_04,,False
promoted,,1,11,BM02,True,,trend_dev_005,10,rbi_mpr_2025_10,,False
promoted,,2,15,BM02,True,,trend_dev_005,13,rbi_mpr_2026_04,,False
unchanged,,1,1,BM02,True,,trend_dev_006,0,rbi_mpr_2025_04,,False
demoted,,6,2,BM02,True,,trend_dev_006,-4,rbi_mpr_2025_10,,False
demoted,,4,1,BM02,True,,trend_dev_006,-3,rbi_mpr_2026_04,,False
unchanged,,1,1,COMBINED_01,True,,oct_dev_001,0,rbi_mpr_2025_10,,False
unchanged,,4,4,COMBINED_01,True,,oct_dev_002,0,rbi_mpr_2025_10,,False
promoted,,3,10,COMBINED_01,True,,oct_dev_003,7,rbi_mpr_2025_10,,False
unchanged,,1,1,COMBINED_01,True,,oct_dev_004,0,rbi_mpr_2025_10,,False
promoted,,8,16,COMBINED_01,True,,oct_dev_005,8,rbi_mpr_2025_10,,False
unchanged,,1,1,COMBINED_01,True,,oct_dev_006,0,rbi_mpr_2025_10,,False
promoted,,2,3,COMBINED_01,True,,apr26_dev_001,1,rbi_mpr_2026_04,,False
demoted,,17,11,COMBINED_01,True,,apr26_dev_002,-6,rbi_mpr_2026_04,,False
demoted,,11,7,COMBINED_01,True,,apr26_dev_003,-4,rbi_mpr_2026_04,,False
promoted,,13,18,COMBINED_01,True,,apr26_dev_004,5,rbi_mpr_2026_04,,False
promoted,,10,22,COMBINED_01,True,,apr26_dev_005,12,rbi_mpr_2026_04,,False
demoted,,3,2,COMBINED_01,True,,apr26_dev_006,-1,rbi_mpr_2026_04,,False
promoted,,4,24,COMBINED_01,True,,cmp_dev_001,20,rbi_mpr_2025_04,,False
demoted,,3,1,COMBINED_01,True,,cmp_dev_001,-2,rbi_mpr_2025_10,,False
demoted,,2,1,COMBINED_01,True,,cmp_dev_002,-1,rbi_mpr_2025_04,,False
demoted,,3,1,COMBINED_01,True,,cmp_dev_002,-2,rbi_mpr_2025_10,,False
unchanged,,1,1,COMBINED_01,True,,cmp_dev_003,0,rbi_mpr_2025_04,,False
unchanged,,1,1,COMBINED_01,True,,cmp_dev_003,0,rbi_mpr_2025_10,,False
promoted,,4,25,COMBINED_01,True,,cmp_dev_004,21,rbi_mpr_2025_10,,False
demoted,,2,1,COMBINED_01,True,,cmp_dev_005,-1,rbi_mpr_2025_10,,False
demoted,,21,2,COMBINED_01,True,,cmp_dev_005,-19,rbi_mpr_2026_04,,False
unchanged,,2,2,COMBINED_01,True,,cmp_dev_006,0,rbi_mpr_2025_10,,False
promoted,,13,21,COMBINED_01,True,,cmp_dev_007,8,rbi_mpr_2025_10,,False
demoted,,19,7,COMBINED_01,True,,cmp_dev_007,-12,rbi_mpr_2026_04,,False
promoted,,1,12,COMBINED_01,True,,cmp_dev_008,11,rbi_mpr_2025_10,,False
promoted,,7,23,COMBINED_01,True,,cmp_dev_009,16,rbi_mpr_2026_04,,False
promoted,,1,5,COMBINED_01,True,,cmp_dev_011,4,rbi_mpr_2025_04,,False
demoted,,23,10,COMBINED_01,True,,cmp_dev_011,-13,rbi_mpr_2026_04,,False
demoted,,10,5,COMBINED_01,True,,cmp_dev_012,-5,rbi_mpr_2025_04,,False
promoted,,2,11,COMBINED_01,True,,cmp_dev_012,9,rbi_mpr_2026_04,,False
promoted,,13,27,COMBINED_01,True,,trend_dev_001,14,rbi_mpr_2025_10,,False
demoted,,11,5,COMBINED_01,True,,trend_dev_002,-6,rbi_mpr_2025_10,,False
promoted,,1,8,COMBINED_01,True,,trend_dev_003,7,rbi_mpr_2025_04,,False
promoted,,2,10,COMBINED_01,True,,trend_dev_003,8,rbi_mpr_2025_10,,False
promoted,,6,7,COMBINED_01,True,,trend_dev_003,1,rbi_mpr_2026_04,,False
demoted,,2,1,COMBINED_01,True,,trend_dev_005,-1,rbi_mpr_2025_04,,False
promoted,,1,9,COMBINED_01,True,,trend_dev_005,8,rbi_mpr_2025_10,,False
promoted,,2,9,COMBINED_01,True,,trend_dev_005,7,rbi_mpr_2026_04,,False
demoted,,2,1,COMBINED_01,True,,trend_dev_006,-1,rbi_mpr_2025_04,,False
demoted,,5,2,COMBINED_01,True,,trend_dev_006,-3,rbi_mpr_2025_10,,False
promoted,,4,8,COMBINED_01,True,,trend_dev_006,4,rbi_mpr_2026_04,,False
unchanged,,1,1,COMBINED_02,True,,oct_dev_001,0,rbi_mpr_2025_10,,False
unchanged,,4,4,COMBINED_02,True,,oct_dev_002,0,rbi_mpr_2025_10,,False
promoted,,3,10,COMBINED_02,True,,oct_dev_003,7,rbi_mpr_2025_10,,False
unchanged,,1,1,COMBINED_02,True,,oct_dev_004,0,rbi_mpr_2025_10,,False
promoted,,8,16,COMBINED_02,True,,oct_dev_005,8,rbi_mpr_2025_10,,False
unchanged,,1,1,COMBINED_02,True,,oct_dev_006,0,rbi_mpr_2025_10,,False
promoted,,2,3,COMBINED_02,True,,apr26_dev_001,1,rbi_mpr_2026_04,,False
demoted,,17,11,COMBINED_02,True,,apr26_dev_002,-6,rbi_mpr_2026_04,,False
demoted,,11,7,COMBINED_02,True,,apr26_dev_003,-4,rbi_mpr_2026_04,,False
promoted,,13,18,COMBINED_02,True,,apr26_dev_004,5,rbi_mpr_2026_04,,False
promoted,,10,22,COMBINED_02,True,,apr26_dev_005,12,rbi_mpr_2026_04,,False
demoted,,3,2,COMBINED_02,True,,apr26_dev_006,-1,rbi_mpr_2026_04,,False
promoted,,4,24,COMBINED_02,True,,cmp_dev_001,20,rbi_mpr_2025_04,,False
demoted,,3,1,COMBINED_02,True,,cmp_dev_001,-2,rbi_mpr_2025_10,,False
demoted,,2,1,COMBINED_02,True,,cmp_dev_002,-1,rbi_mpr_2025_04,,False
demoted,,3,1,COMBINED_02,True,,cmp_dev_002,-2,rbi_mpr_2025_10,,False
unchanged,,1,1,COMBINED_02,True,,cmp_dev_003,0,rbi_mpr_2025_04,,False
unchanged,,1,1,COMBINED_02,True,,cmp_dev_003,0,rbi_mpr_2025_10,,False
promoted,,4,25,COMBINED_02,True,,cmp_dev_004,21,rbi_mpr_2025_10,,False
demoted,,2,1,COMBINED_02,True,,cmp_dev_005,-1,rbi_mpr_2025_10,,False
demoted,,21,2,COMBINED_02,True,,cmp_dev_005,-19,rbi_mpr_2026_04,,False
unchanged,,2,2,COMBINED_02,True,,cmp_dev_006,0,rbi_mpr_2025_10,,False
promoted,,13,21,COMBINED_02,True,,cmp_dev_007,8,rbi_mpr_2025_10,,False
demoted,,19,7,COMBINED_02,True,,cmp_dev_007,-12,rbi_mpr_2026_04,,False
promoted,,1,12,COMBINED_02,True,,cmp_dev_008,11,rbi_mpr_2025_10,,False
promoted,,7,23,COMBINED_02,True,,cmp_dev_009,16,rbi_mpr_2026_04,,False
promoted,,1,5,COMBINED_02,True,,cmp_dev_011,4,rbi_mpr_2025_04,,False
demoted,,23,10,COMBINED_02,True,,cmp_dev_011,-13,rbi_mpr_2026_04,,False
demoted,,10,5,COMBINED_02,True,,cmp_dev_012,-5,rbi_mpr_2025_04,,False
promoted,,2,11,COMBINED_02,True,,cmp_dev_012,9,rbi_mpr_2026_04,,False
promoted,,13,27,COMBINED_02,True,,trend_dev_001,14,rbi_mpr_2025_10,,False
demoted,,11,5,COMBINED_02,True,,trend_dev_002,-6,rbi_mpr_2025_10,,False
promoted,,1,8,COMBINED_02,True,,trend_dev_003,7,rbi_mpr_2025_04,,False
promoted,,2,10,COMBINED_02,True,,trend_dev_003,8,rbi_mpr_2025_10,,False
promoted,,6,7,COMBINED_02,True,,trend_dev_003,1,rbi_mpr_2026_04,,False
demoted,,2,1,COMBINED_02,True,,trend_dev_005,-1,rbi_mpr_2025_04,,False
promoted,,1,9,COMBINED_02,True,,trend_dev_005,8,rbi_mpr_2025_10,,False
promoted,,2,9,COMBINED_02,True,,trend_dev_005,7,rbi_mpr_2026_04,,False
demoted,,2,1,COMBINED_02,True,,trend_dev_006,-1,rbi_mpr_2025_04,,False
demoted,,5,2,COMBINED_02,True,,trend_dev_006,-3,rbi_mpr_2025_10,,False
promoted,,4,8,COMBINED_02,True,,trend_dev_006,4,rbi_mpr_2026_04,,False
unchanged,,1,1,COMBINED_03,True,,oct_dev_001,0,rbi_mpr_2025_10,,False
unchanged,,4,4,COMBINED_03,True,,oct_dev_002,0,rbi_mpr_2025_10,,False
promoted,,3,10,COMBINED_03,True,,oct_dev_003,7,rbi_mpr_2025_10,,False
unchanged,,1,1,COMBINED_03,True,,oct_dev_004,0,rbi_mpr_2025_10,,False
promoted,,8,16,COMBINED_03,True,,oct_dev_005,8,rbi_mpr_2025_10,,False
unchanged,,1,1,COMBINED_03,True,,oct_dev_006,0,rbi_mpr_2025_10,,False
promoted,,2,3,COMBINED_03,True,,apr26_dev_001,1,rbi_mpr_2026_04,,False
demoted,,17,11,COMBINED_03,True,,apr26_dev_002,-6,rbi_mpr_2026_04,,False
demoted,,11,7,COMBINED_03,True,,apr26_dev_003,-4,rbi_mpr_2026_04,,False
promoted,,13,18,COMBINED_03,True,,apr26_dev_004,5,rbi_mpr_2026_04,,False
promoted,,10,22,COMBINED_03,True,,apr26_dev_005,12,rbi_mpr_2026_04,,False
demoted,,3,2,COMBINED_03,True,,apr26_dev_006,-1,rbi_mpr_2026_04,,False
promoted,,4,24,COMBINED_03,True,,cmp_dev_001,20,rbi_mpr_2025_04,,False
demoted,,3,1,COMBINED_03,True,,cmp_dev_001,-2,rbi_mpr_2025_10,,False
demoted,,2,1,COMBINED_03,True,,cmp_dev_002,-1,rbi_mpr_2025_04,,False
demoted,,3,1,COMBINED_03,True,,cmp_dev_002,-2,rbi_mpr_2025_10,,False
unchanged,,1,1,COMBINED_03,True,,cmp_dev_003,0,rbi_mpr_2025_04,,False
unchanged,,1,1,COMBINED_03,True,,cmp_dev_003,0,rbi_mpr_2025_10,,False
promoted,,4,25,COMBINED_03,True,,cmp_dev_004,21,rbi_mpr_2025_10,,False
demoted,,2,1,COMBINED_03,True,,cmp_dev_005,-1,rbi_mpr_2025_10,,False
demoted,,21,2,COMBINED_03,True,,cmp_dev_005,-19,rbi_mpr_2026_04,,False
unchanged,,2,2,COMBINED_03,True,,cmp_dev_006,0,rbi_mpr_2025_10,,False
promoted,,13,21,COMBINED_03,True,,cmp_dev_007,8,rbi_mpr_2025_10,,False
demoted,,19,7,COMBINED_03,True,,cmp_dev_007,-12,rbi_mpr_2026_04,,False
promoted,,1,12,COMBINED_03,True,,cmp_dev_008,11,rbi_mpr_2025_10,,False
promoted,,7,23,COMBINED_03,True,,cmp_dev_009,16,rbi_mpr_2026_04,,False
promoted,,1,5,COMBINED_03,True,,cmp_dev_011,4,rbi_mpr_2025_04,,False
demoted,,23,10,COMBINED_03,True,,cmp_dev_011,-13,rbi_mpr_2026_04,,False
demoted,,10,5,COMBINED_03,True,,cmp_dev_012,-5,rbi_mpr_2025_04,,False
promoted,,2,11,COMBINED_03,True,,cmp_dev_012,9,rbi_mpr_2026_04,,False
promoted,,13,27,COMBINED_03,True,,trend_dev_001,14,rbi_mpr_2025_10,,False
demoted,,11,5,COMBINED_03,True,,trend_dev_002,-6,rbi_mpr_2025_10,,False
promoted,,1,8,COMBINED_03,True,,trend_dev_003,7,rbi_mpr_2025_04,,False
promoted,,2,10,COMBINED_03,True,,trend_dev_003,8,rbi_mpr_2025_10,,False
promoted,,6,7,COMBINED_03,True,,trend_dev_003,1,rbi_mpr_2026_04,,False
demoted,,2,1,COMBINED_03,True,,trend_dev_005,-1,rbi_mpr_2025_04,,False
promoted,,1,9,COMBINED_03,True,,trend_dev_005,8,rbi_mpr_2025_10,,False
promoted,,2,9,COMBINED_03,True,,trend_dev_005,7,rbi_mpr_2026_04,,False
demoted,,2,1,COMBINED_03,True,,trend_dev_006,-1,rbi_mpr_2025_04,,False
demoted,,5,2,COMBINED_03,True,,trend_dev_006,-3,rbi_mpr_2025_10,,False
promoted,,4,8,COMBINED_03,True,,trend_dev_006,4,rbi_mpr_2026_04,,False
unchanged,,1,1,CP01,True,,oct_dev_001,0,rbi_mpr_2025_10,,False
demoted,,11,6,CP01,True,,oct_dev_002,-5,rbi_mpr_2025_10,,False
promoted,,3,10,CP01,True,,oct_dev_003,7,rbi_mpr_2025_10,,False
unchanged,,1,1,CP01,True,,oct_dev_004,0,rbi_mpr_2025_10,,False
promoted,,5,8,CP01,True,,oct_dev_005,3,rbi_mpr_2025_10,,False
unchanged,,1,1,CP01,True,,oct_dev_006,0,rbi_mpr_2025_10,,False
demoted,,2,1,CP01,True,,apr26_dev_001,-1,rbi_mpr_2026_04,,False
demoted,,9,4,CP01,True,,apr26_dev_003,-5,rbi_mpr_2026_04,,False
promoted,,7,12,CP01,True,,apr26_dev_005,5,rbi_mpr_2026_04,,False
demoted,,3,2,CP01,True,,apr26_dev_006,-1,rbi_mpr_2026_04,,False
promoted,,1,15,CP01,True,,cmp_dev_001,14,rbi_mpr_2025_04,,False
demoted,,4,1,CP01,True,,cmp_dev_001,-3,rbi_mpr_2025_10,,False
unchanged,,1,1,CP01,True,,cmp_dev_002,0,rbi_mpr_2025_04,,False
demoted,,2,1,CP01,True,,cmp_dev_002,-1,rbi_mpr_2025_10,,False
unchanged,,1,1,CP01,True,,cmp_dev_003,0,rbi_mpr_2025_04,,False
unchanged,,1,1,CP01,True,,cmp_dev_003,0,rbi_mpr_2025_10,,False
demoted,,2,1,CP01,True,,cmp_dev_005,-1,rbi_mpr_2025_10,,False
demoted,,14,2,CP01,True,,cmp_dev_005,-12,rbi_mpr_2026_04,,False
unchanged,,2,2,CP01,True,,cmp_dev_006,0,rbi_mpr_2025_10,,False
promoted,,10,13,CP01,True,,cmp_dev_007,3,rbi_mpr_2025_10,,False
promoted,,1,4,CP01,True,,cmp_dev_008,3,rbi_mpr_2025_10,,False
promoted,,1,8,CP01,True,,cmp_dev_011,7,rbi_mpr_2025_04,,False
unchanged,,9,9,CP01,True,,cmp_dev_012,0,rbi_mpr_2025_04,,False
promoted,,1,5,CP01,True,,cmp_dev_012,4,rbi_mpr_2026_04,,False
promoted,,2,3,CP01,True,,trend_dev_003,1,rbi_mpr_2025_04,,False
promoted,,1,6,CP01,True,,trend_dev_003,5,rbi_mpr_2025_10,,False
demoted,,3,1,CP01,True,,trend_dev_005,-2,rbi_mpr_2025_04,,False
promoted,,1,7,CP01,True,,trend_dev_005,6,rbi_mpr_2025_10,,False
promoted,,2,5,CP01,True,,trend_dev_005,3,rbi_mpr_2026_04,,False
demoted,,2,1,CP01,True,,trend_dev_006,-1,rbi_mpr_2025_04,,False
demoted,,6,2,CP01,True,,trend_dev_006,-4,rbi_mpr_2025_10,,False
demoted,,4,1,CP01,True,,trend_dev_006,-3,rbi_mpr_2026_04,,False
unchanged,,1,1,CP02,True,,oct_dev_001,0,rbi_mpr_2025_10,,False
demoted,,10,6,CP02,True,,oct_dev_002,-4,rbi_mpr_2025_10,,False
unchanged,,10,10,CP02,True,,oct_dev_003,0,rbi_mpr_2025_10,,False
unchanged,,1,1,CP02,True,,oct_dev_004,0,rbi_mpr_2025_10,,False
promoted,,5,9,CP02,True,,oct_dev_005,4,rbi_mpr_2025_10,,False
unchanged,,1,1,CP02,True,,oct_dev_006,0,rbi_mpr_2025_10,,False
demoted,,2,1,CP02,True,,apr26_dev_001,-1,rbi_mpr_2026_04,,False
demoted,,9,4,CP02,True,,apr26_dev_003,-5,rbi_mpr_2026_04,,False
promoted,,7,12,CP02,True,,apr26_dev_005,5,rbi_mpr_2026_04,,False
demoted,,3,2,CP02,True,,apr26_dev_006,-1,rbi_mpr_2026_04,,False
demoted,,4,1,CP02,True,,cmp_dev_001,-3,rbi_mpr_2025_10,,False
unchanged,,1,1,CP02,True,,cmp_dev_002,0,rbi_mpr_2025_04,,False
demoted,,2,1,CP02,True,,cmp_dev_002,-1,rbi_mpr_2025_10,,False
unchanged,,1,1,CP02,True,,cmp_dev_003,0,rbi_mpr_2025_04,,False
unchanged,,1,1,CP02,True,,cmp_dev_003,0,rbi_mpr_2025_10,,False
demoted,,2,1,CP02,True,,cmp_dev_005,-1,rbi_mpr_2025_10,,False
demoted,,14,2,CP02,True,,cmp_dev_005,-12,rbi_mpr_2026_04,,False
unchanged,,2,2,CP02,True,,cmp_dev_006,0,rbi_mpr_2025_10,,False
promoted,,10,14,CP02,True,,cmp_dev_007,4,rbi_mpr_2025_10,,False
promoted,,1,6,CP02,True,,cmp_dev_008,5,rbi_mpr_2025_10,,False
promoted,,1,4,CP02,True,,cmp_dev_011,3,rbi_mpr_2025_04,,False
promoted,,8,11,CP02,True,,cmp_dev_012,3,rbi_mpr_2025_04,,False
promoted,,1,6,CP02,True,,cmp_dev_012,5,rbi_mpr_2026_04,,False
promoted,,2,5,CP02,True,,trend_dev_003,3,rbi_mpr_2025_04,,False
promoted,,1,8,CP02,True,,trend_dev_003,7,rbi_mpr_2025_10,,False
demoted,,3,1,CP02,True,,trend_dev_005,-2,rbi_mpr_2025_04,,False
promoted,,1,8,CP02,True,,trend_dev_005,7,rbi_mpr_2025_10,,False
promoted,,2,8,CP02,True,,trend_dev_005,6,rbi_mpr_2026_04,,False
unchanged,,1,1,CP02,True,,trend_dev_006,0,rbi_mpr_2025_04,,False
demoted,,6,2,CP02,True,,trend_dev_006,-4,rbi_mpr_2025_10,,False
demoted,,4,1,CP02,True,,trend_dev_006,-3,rbi_mpr_2026_04,,False
unchanged,,1,1,CP03,True,,oct_dev_001,0,rbi_mpr_2025_10,,False
promoted,,4,6,CP03,True,,oct_dev_002,2,rbi_mpr_2025_10,,False
unchanged,,10,10,CP03,True,,oct_dev_003,0,rbi_mpr_2025_10,,False
unchanged,,1,1,CP03,True,,oct_dev_004,0,rbi_mpr_2025_10,,False
promoted,,6,11,CP03,True,,oct_dev_005,5,rbi_mpr_2025_10,,False
unchanged,,1,1,CP03,True,,oct_dev_006,0,rbi_mpr_2025_10,,False
demoted,,2,1,CP03,True,,apr26_dev_001,-1,rbi_mpr_2026_04,,False
demoted,,9,7,CP03,True,,apr26_dev_002,-2,rbi_mpr_2026_04,,False
demoted,,10,4,CP03,True,,apr26_dev_003,-6,rbi_mpr_2026_04,,False
promoted,,7,14,CP03,True,,apr26_dev_005,7,rbi_mpr_2026_04,,False
demoted,,3,2,CP03,True,,apr26_dev_006,-1,rbi_mpr_2026_04,,False
demoted,,4,1,CP03,True,,cmp_dev_001,-3,rbi_mpr_2025_10,,False
unchanged,,1,1,CP03,True,,cmp_dev_002,0,rbi_mpr_2025_04,,False
demoted,,2,1,CP03,True,,cmp_dev_002,-1,rbi_mpr_2025_10,,False
unchanged,,1,1,CP03,True,,cmp_dev_003,0,rbi_mpr_2025_04,,False
unchanged,,1,1,CP03,True,,cmp_dev_003,0,rbi_mpr_2025_10,,False
demoted,,3,1,CP03,True,,cmp_dev_005,-2,rbi_mpr_2025_10,,False
demoted,,13,2,CP03,True,,cmp_dev_005,-11,rbi_mpr_2026_04,,False
unchanged,,2,2,CP03,True,,cmp_dev_006,0,rbi_mpr_2025_10,,False
promoted,,1,8,CP03,True,,cmp_dev_008,7,rbi_mpr_2025_10,,False
promoted,,1,4,CP03,True,,cmp_dev_011,3,rbi_mpr_2025_04,,False
demoted,,13,11,CP03,True,,cmp_dev_011,-2,rbi_mpr_2026_04,,False
promoted,,8,14,CP03,True,,cmp_dev_012,6,rbi_mpr_2025_04,,False
promoted,,1,9,CP03,True,,cmp_dev_012,8,rbi_mpr_2026_04,,False
promoted,,2,5,CP03,True,,trend_dev_003,3,rbi_mpr_2025_04,,False
promoted,,1,10,CP03,True,,trend_dev_003,9,rbi_mpr_2025_10,,False
demoted,,6,4,CP03,True,,trend_dev_003,-2,rbi_mpr_2026_04,,False
demoted,,3,1,CP03,True,,trend_dev_005,-2,rbi_mpr_2025_04,,False
promoted,,1,9,CP03,True,,trend_dev_005,8,rbi_mpr_2025_10,,False
promoted,,2,12,CP03,True,,trend_dev_005,10,rbi_mpr_2026_04,,False
unchanged,,1,1,CP03,True,,trend_dev_006,0,rbi_mpr_2025_04,,False
demoted,,6,2,CP03,True,,trend_dev_006,-4,rbi_mpr_2025_10,,False
demoted,,4,1,CP03,True,,trend_dev_006,-3,rbi_mpr_2026_04,,False
unchanged,,1,1,CP04,True,,oct_dev_001,0,rbi_mpr_2025_10,,False
promoted,,4,6,CP04,True,,oct_dev_002,2,rbi_mpr_2025_10,,False
promoted,,9,10,CP04,True,,oct_dev_003,1,rbi_mpr_2025_10,,False
unchanged,,1,1,CP04,True,,oct_dev_004,0,rbi_mpr_2025_10,,False
promoted,,7,14,CP04,True,,oct_dev_005,7,rbi_mpr_2025_10,,False
unchanged,,1,1,CP04,True,,oct_dev_006,0,rbi_mpr_2025_10,,False
demoted,,2,1,CP04,True,,apr26_dev_001,-1,rbi_mpr_2026_04,,False
demoted,,12,7,CP04,True,,apr26_dev_002,-5,rbi_mpr_2026_04,,False
demoted,,9,4,CP04,True,,apr26_dev_003,-5,rbi_mpr_2026_04,,False
demoted,,15,14,CP04,True,,apr26_dev_005,-1,rbi_mpr_2026_04,,False
demoted,,3,2,CP04,True,,apr26_dev_006,-1,rbi_mpr_2026_04,,False
demoted,,4,1,CP04,True,,cmp_dev_001,-3,rbi_mpr_2025_10,,False
unchanged,,1,1,CP04,True,,cmp_dev_002,0,rbi_mpr_2025_04,,False
demoted,,2,1,CP04,True,,cmp_dev_002,-1,rbi_mpr_2025_10,,False
unchanged,,1,1,CP04,True,,cmp_dev_003,0,rbi_mpr_2025_04,,False
unchanged,,1,1,CP04,True,,cmp_dev_003,0,rbi_mpr_2025_10,,False
demoted,,3,1,CP04,True,,cmp_dev_005,-2,rbi_mpr_2025_10,,False
demoted,,12,2,CP04,True,,cmp_dev_005,-10,rbi_mpr_2026_04,,False
unchanged,,2,2,CP04,True,,cmp_dev_006,0,rbi_mpr_2025_10,,False
demoted,,12,7,CP04,True,,cmp_dev_007,-5,rbi_mpr_2026_04,,False
promoted,,1,11,CP04,True,,cmp_dev_008,10,rbi_mpr_2025_10,,False
promoted,,1,4,CP04,True,,cmp_dev_011,3,rbi_mpr_2025_04,,False
demoted,,13,11,CP04,True,,cmp_dev_011,-2,rbi_mpr_2026_04,,False
demoted,,8,5,CP04,True,,cmp_dev_012,-3,rbi_mpr_2025_04,,False
promoted,,1,9,CP04,True,,cmp_dev_012,8,rbi_mpr_2026_04,,False
demoted,,7,5,CP04,True,,trend_dev_002,-2,rbi_mpr_2025_10,,False
promoted,,2,9,CP04,True,,trend_dev_003,7,rbi_mpr_2025_04,,False
promoted,,1,12,CP04,True,,trend_dev_003,11,rbi_mpr_2025_10,,False
promoted,,5,6,CP04,True,,trend_dev_003,1,rbi_mpr_2026_04,,False
demoted,,3,1,CP04,True,,trend_dev_005,-2,rbi_mpr_2025_04,,False
promoted,,2,11,CP04,True,,trend_dev_005,9,rbi_mpr_2025_10,,False
promoted,,1,15,CP04,True,,trend_dev_005,14,rbi_mpr_2026_04,,False
unchanged,,1,1,CP04,True,,trend_dev_006,0,rbi_mpr_2025_04,,False
demoted,,6,2,CP04,True,,trend_dev_006,-4,rbi_mpr_2025_10,,False
demoted,,4,1,CP04,True,,trend_dev_006,-3,rbi_mpr_2026_04,,False
unchanged,,1,1,DIV01,True,,oct_dev_001,0,rbi_mpr_2025_10,,False
promoted,,4,6,DIV01,True,,oct_dev_002,2,rbi_mpr_2025_10,,False
promoted,,3,10,DIV01,True,,oct_dev_003,7,rbi_mpr_2025_10,,False
unchanged,,1,1,DIV01,True,,oct_dev_004,0,rbi_mpr_2025_10,,False
promoted,,9,14,DIV01,True,,oct_dev_005,5,rbi_mpr_2025_10,,False
unchanged,,1,1,DIV01,True,,oct_dev_006,0,rbi_mpr_2025_10,,False
demoted,,2,1,DIV01,True,,apr26_dev_001,-1,rbi_mpr_2026_04,,False
demoted,,17,7,DIV01,True,,apr26_dev_002,-10,rbi_mpr_2026_04,,False
demoted,,12,4,DIV01,True,,apr26_dev_003,-8,rbi_mpr_2026_04,,False
promoted,,12,16,DIV01,True,,apr26_dev_004,4,rbi_mpr_2026_04,,False
promoted,,10,14,DIV01,True,,apr26_dev_005,4,rbi_mpr_2026_04,,False
demoted,,3,2,DIV01,True,,apr26_dev_006,-1,rbi_mpr_2026_04,,False
promoted,,3,25,DIV01,True,,cmp_dev_001,22,rbi_mpr_2025_04,,False
demoted,,4,1,DIV01,True,,cmp_dev_001,-3,rbi_mpr_2025_10,,False
unchanged,,1,1,DIV01,True,,cmp_dev_002,0,rbi_mpr_2025_04,,False
demoted,,2,1,DIV01,True,,cmp_dev_002,-1,rbi_mpr_2025_10,,False
unchanged,,1,1,DIV01,True,,cmp_dev_003,0,rbi_mpr_2025_04,,False
unchanged,,1,1,DIV01,True,,cmp_dev_003,0,rbi_mpr_2025_10,,False
promoted,,4,25,DIV01,True,,cmp_dev_004,21,rbi_mpr_2025_10,,False
demoted,,3,1,DIV01,True,,cmp_dev_005,-2,rbi_mpr_2025_10,,False
demoted,,24,2,DIV01,True,,cmp_dev_005,-22,rbi_mpr_2026_04,,False
unchanged,,2,2,DIV01,True,,cmp_dev_006,0,rbi_mpr_2025_10,,False
promoted,,14,20,DIV01,True,,cmp_dev_007,6,rbi_mpr_2025_10,,False
demoted,,20,7,DIV01,True,,cmp_dev_007,-13,rbi_mpr_2026_04,,False
promoted,,1,11,DIV01,True,,cmp_dev_008,10,rbi_mpr_2025_10,,False
promoted,,1,25,DIV01,True,,cmp_dev_008,24,rbi_mpr_2026_04,,False
promoted,,1,4,DIV01,True,,cmp_dev_011,3,rbi_mpr_2025_04,,False
demoted,,23,11,DIV01,True,,cmp_dev_011,-12,rbi_mpr_2026_04,,False
demoted,,11,5,DIV01,True,,cmp_dev_012,-6,rbi_mpr_2025_04,,False
promoted,,1,9,DIV01,True,,cmp_dev_012,8,rbi_mpr_2026_04,,False
promoted,,4,21,DIV01,True,,trend_dev_001,17,rbi_mpr_2026_04,,False
demoted,,11,5,DIV01,True,,trend_dev_002,-6,rbi_mpr_2025_10,,False
promoted,,1,9,DIV01,True,,trend_dev_003,8,rbi_mpr_2025_04,,False
promoted,,2,12,DIV01,True,,trend_dev_003,10,rbi_mpr_2025_10,,False
demoted,,7,6,DIV01,True,,trend_dev_003,-1,rbi_mpr_2026_04,,False
demoted,,3,1,DIV01,True,,trend_dev_005,-2,rbi_mpr_2025_04,,False
promoted,,1,11,DIV01,True,,trend_dev_005,10,rbi_mpr_2025_10,,False
promoted,,2,15,DIV01,True,,trend_dev_005,13,rbi_mpr_2026_04,,False
unchanged,,1,1,DIV01,True,,trend_dev_006,0,rbi_mpr_2025_04,,False
demoted,,6,2,DIV01,True,,trend_dev_006,-4,rbi_mpr_2025_10,,False
demoted,,4,1,DIV01,True,,trend_dev_006,-3,rbi_mpr_2026_04,,False
unchanged,,1,1,EXP01,True,,oct_dev_001,0,rbi_mpr_2025_10,,False
unchanged,,4,4,EXP01,True,,oct_dev_002,0,rbi_mpr_2025_10,,False
promoted,,3,10,EXP01,True,,oct_dev_003,7,rbi_mpr_2025_10,,False
unchanged,,1,1,EXP01,True,,oct_dev_004,0,rbi_mpr_2025_10,,False
promoted,,8,16,EXP01,True,,oct_dev_005,8,rbi_mpr_2025_10,,False
unchanged,,1,1,EXP01,True,,oct_dev_006,0,rbi_mpr_2025_10,,False
promoted,,2,3,EXP01,True,,apr26_dev_001,1,rbi_mpr_2026_04,,False
demoted,,17,11,EXP01,True,,apr26_dev_002,-6,rbi_mpr_2026_04,,False
demoted,,11,7,EXP01,True,,apr26_dev_003,-4,rbi_mpr_2026_04,,False
promoted,,13,18,EXP01,True,,apr26_dev_004,5,rbi_mpr_2026_04,,False
promoted,,10,22,EXP01,True,,apr26_dev_005,12,rbi_mpr_2026_04,,False
demoted,,3,2,EXP01,True,,apr26_dev_006,-1,rbi_mpr_2026_04,,False
promoted,,4,24,EXP01,True,,cmp_dev_001,20,rbi_mpr_2025_04,,False
demoted,,3,1,EXP01,True,,cmp_dev_001,-2,rbi_mpr_2025_10,,False
demoted,,2,1,EXP01,True,,cmp_dev_002,-1,rbi_mpr_2025_04,,False
demoted,,3,1,EXP01,True,,cmp_dev_002,-2,rbi_mpr_2025_10,,False
unchanged,,1,1,EXP01,True,,cmp_dev_003,0,rbi_mpr_2025_04,,False
unchanged,,1,1,EXP01,True,,cmp_dev_003,0,rbi_mpr_2025_10,,False
promoted,,4,25,EXP01,True,,cmp_dev_004,21,rbi_mpr_2025_10,,False
demoted,,2,1,EXP01,True,,cmp_dev_005,-1,rbi_mpr_2025_10,,False
demoted,,21,2,EXP01,True,,cmp_dev_005,-19,rbi_mpr_2026_04,,False
unchanged,,2,2,EXP01,True,,cmp_dev_006,0,rbi_mpr_2025_10,,False
promoted,,13,21,EXP01,True,,cmp_dev_007,8,rbi_mpr_2025_10,,False
demoted,,19,7,EXP01,True,,cmp_dev_007,-12,rbi_mpr_2026_04,,False
promoted,,1,12,EXP01,True,,cmp_dev_008,11,rbi_mpr_2025_10,,False
promoted,,7,23,EXP01,True,,cmp_dev_009,16,rbi_mpr_2026_04,,False
promoted,,1,5,EXP01,True,,cmp_dev_011,4,rbi_mpr_2025_04,,False
demoted,,23,10,EXP01,True,,cmp_dev_011,-13,rbi_mpr_2026_04,,False
demoted,,10,5,EXP01,True,,cmp_dev_012,-5,rbi_mpr_2025_04,,False
promoted,,2,11,EXP01,True,,cmp_dev_012,9,rbi_mpr_2026_04,,False
promoted,,13,27,EXP01,True,,trend_dev_001,14,rbi_mpr_2025_10,,False
demoted,,11,5,EXP01,True,,trend_dev_002,-6,rbi_mpr_2025_10,,False
promoted,,1,8,EXP01,True,,trend_dev_003,7,rbi_mpr_2025_04,,False
promoted,,2,10,EXP01,True,,trend_dev_003,8,rbi_mpr_2025_10,,False
promoted,,6,7,EXP01,True,,trend_dev_003,1,rbi_mpr_2026_04,,False
demoted,,2,1,EXP01,True,,trend_dev_005,-1,rbi_mpr_2025_04,,False
promoted,,1,9,EXP01,True,,trend_dev_005,8,rbi_mpr_2025_10,,False
promoted,,2,9,EXP01,True,,trend_dev_005,7,rbi_mpr_2026_04,,False
demoted,,2,1,EXP01,True,,trend_dev_006,-1,rbi_mpr_2025_04,,False
demoted,,5,2,EXP01,True,,trend_dev_006,-3,rbi_mpr_2025_10,,False
promoted,,4,8,EXP01,True,,trend_dev_006,4,rbi_mpr_2026_04,,False
unchanged,,1,1,EXP02,True,,oct_dev_001,0,rbi_mpr_2025_10,,False
unchanged,,4,4,EXP02,True,,oct_dev_002,0,rbi_mpr_2025_10,,False
promoted,,3,10,EXP02,True,,oct_dev_003,7,rbi_mpr_2025_10,,False
unchanged,,1,1,EXP02,True,,oct_dev_004,0,rbi_mpr_2025_10,,False
promoted,,8,16,EXP02,True,,oct_dev_005,8,rbi_mpr_2025_10,,False
unchanged,,1,1,EXP02,True,,oct_dev_006,0,rbi_mpr_2025_10,,False
promoted,,2,3,EXP02,True,,apr26_dev_001,1,rbi_mpr_2026_04,,False
demoted,,17,11,EXP02,True,,apr26_dev_002,-6,rbi_mpr_2026_04,,False
demoted,,11,7,EXP02,True,,apr26_dev_003,-4,rbi_mpr_2026_04,,False
promoted,,13,18,EXP02,True,,apr26_dev_004,5,rbi_mpr_2026_04,,False
promoted,,10,22,EXP02,True,,apr26_dev_005,12,rbi_mpr_2026_04,,False
demoted,,3,2,EXP02,True,,apr26_dev_006,-1,rbi_mpr_2026_04,,False
promoted,,4,24,EXP02,True,,cmp_dev_001,20,rbi_mpr_2025_04,,False
demoted,,3,1,EXP02,True,,cmp_dev_001,-2,rbi_mpr_2025_10,,False
demoted,,2,1,EXP02,True,,cmp_dev_002,-1,rbi_mpr_2025_04,,False
demoted,,3,1,EXP02,True,,cmp_dev_002,-2,rbi_mpr_2025_10,,False
unchanged,,1,1,EXP02,True,,cmp_dev_003,0,rbi_mpr_2025_04,,False
unchanged,,1,1,EXP02,True,,cmp_dev_003,0,rbi_mpr_2025_10,,False
promoted,,4,25,EXP02,True,,cmp_dev_004,21,rbi_mpr_2025_10,,False
demoted,,2,1,EXP02,True,,cmp_dev_005,-1,rbi_mpr_2025_10,,False
demoted,,21,2,EXP02,True,,cmp_dev_005,-19,rbi_mpr_2026_04,,False
unchanged,,2,2,EXP02,True,,cmp_dev_006,0,rbi_mpr_2025_10,,False
promoted,,13,21,EXP02,True,,cmp_dev_007,8,rbi_mpr_2025_10,,False
demoted,,19,7,EXP02,True,,cmp_dev_007,-12,rbi_mpr_2026_04,,False
promoted,,1,12,EXP02,True,,cmp_dev_008,11,rbi_mpr_2025_10,,False
promoted,,7,23,EXP02,True,,cmp_dev_009,16,rbi_mpr_2026_04,,False
promoted,,1,5,EXP02,True,,cmp_dev_011,4,rbi_mpr_2025_04,,False
demoted,,23,10,EXP02,True,,cmp_dev_011,-13,rbi_mpr_2026_04,,False
demoted,,10,5,EXP02,True,,cmp_dev_012,-5,rbi_mpr_2025_04,,False
promoted,,2,11,EXP02,True,,cmp_dev_012,9,rbi_mpr_2026_04,,False
promoted,,13,27,EXP02,True,,trend_dev_001,14,rbi_mpr_2025_10,,False
demoted,,11,5,EXP02,True,,trend_dev_002,-6,rbi_mpr_2025_10,,False
promoted,,1,8,EXP02,True,,trend_dev_003,7,rbi_mpr_2025_04,,False
promoted,,2,10,EXP02,True,,trend_dev_003,8,rbi_mpr_2025_10,,False
promoted,,6,7,EXP02,True,,trend_dev_003,1,rbi_mpr_2026_04,,False
demoted,,2,1,EXP02,True,,trend_dev_005,-1,rbi_mpr_2025_04,,False
promoted,,1,9,EXP02,True,,trend_dev_005,8,rbi_mpr_2025_10,,False
promoted,,2,9,EXP02,True,,trend_dev_005,7,rbi_mpr_2026_04,,False
demoted,,2,1,EXP02,True,,trend_dev_006,-1,rbi_mpr_2025_04,,False
demoted,,5,2,EXP02,True,,trend_dev_006,-3,rbi_mpr_2025_10,,False
promoted,,4,8,EXP02,True,,trend_dev_006,4,rbi_mpr_2026_04,,False
unchanged,,1,1,FAC01,True,,oct_dev_001,0,rbi_mpr_2025_10,,False
unchanged,,4,4,FAC01,True,,oct_dev_002,0,rbi_mpr_2025_10,,False
promoted,,3,10,FAC01,True,,oct_dev_003,7,rbi_mpr_2025_10,,False
unchanged,,1,1,FAC01,True,,oct_dev_004,0,rbi_mpr_2025_10,,False
promoted,,8,16,FAC01,True,,oct_dev_005,8,rbi_mpr_2025_10,,False
unchanged,,1,1,FAC01,True,,oct_dev_006,0,rbi_mpr_2025_10,,False
promoted,,2,3,FAC01,True,,apr26_dev_001,1,rbi_mpr_2026_04,,False
demoted,,17,11,FAC01,True,,apr26_dev_002,-6,rbi_mpr_2026_04,,False
demoted,,11,7,FAC01,True,,apr26_dev_003,-4,rbi_mpr_2026_04,,False
promoted,,13,18,FAC01,True,,apr26_dev_004,5,rbi_mpr_2026_04,,False
promoted,,10,22,FAC01,True,,apr26_dev_005,12,rbi_mpr_2026_04,,False
demoted,,3,2,FAC01,True,,apr26_dev_006,-1,rbi_mpr_2026_04,,False
promoted,,4,24,FAC01,True,,cmp_dev_001,20,rbi_mpr_2025_04,,False
demoted,,3,1,FAC01,True,,cmp_dev_001,-2,rbi_mpr_2025_10,,False
demoted,,2,1,FAC01,True,,cmp_dev_002,-1,rbi_mpr_2025_04,,False
demoted,,3,1,FAC01,True,,cmp_dev_002,-2,rbi_mpr_2025_10,,False
unchanged,,1,1,FAC01,True,,cmp_dev_003,0,rbi_mpr_2025_04,,False
unchanged,,1,1,FAC01,True,,cmp_dev_003,0,rbi_mpr_2025_10,,False
promoted,,4,25,FAC01,True,,cmp_dev_004,21,rbi_mpr_2025_10,,False
demoted,,2,1,FAC01,True,,cmp_dev_005,-1,rbi_mpr_2025_10,,False
demoted,,21,2,FAC01,True,,cmp_dev_005,-19,rbi_mpr_2026_04,,False
unchanged,,2,2,FAC01,True,,cmp_dev_006,0,rbi_mpr_2025_10,,False
promoted,,13,21,FAC01,True,,cmp_dev_007,8,rbi_mpr_2025_10,,False
demoted,,19,7,FAC01,True,,cmp_dev_007,-12,rbi_mpr_2026_04,,False
promoted,,1,12,FAC01,True,,cmp_dev_008,11,rbi_mpr_2025_10,,False
promoted,,7,23,FAC01,True,,cmp_dev_009,16,rbi_mpr_2026_04,,False
promoted,,1,5,FAC01,True,,cmp_dev_011,4,rbi_mpr_2025_04,,False
demoted,,23,10,FAC01,True,,cmp_dev_011,-13,rbi_mpr_2026_04,,False
demoted,,10,5,FAC01,True,,cmp_dev_012,-5,rbi_mpr_2025_04,,False
promoted,,2,11,FAC01,True,,cmp_dev_012,9,rbi_mpr_2026_04,,False
promoted,,13,27,FAC01,True,,trend_dev_001,14,rbi_mpr_2025_10,,False
demoted,,11,5,FAC01,True,,trend_dev_002,-6,rbi_mpr_2025_10,,False
promoted,,1,8,FAC01,True,,trend_dev_003,7,rbi_mpr_2025_04,,False
promoted,,2,10,FAC01,True,,trend_dev_003,8,rbi_mpr_2025_10,,False
promoted,,6,7,FAC01,True,,trend_dev_003,1,rbi_mpr_2026_04,,False
demoted,,2,1,FAC01,True,,trend_dev_005,-1,rbi_mpr_2025_04,,False
promoted,,1,9,FAC01,True,,trend_dev_005,8,rbi_mpr_2025_10,,False
promoted,,2,9,FAC01,True,,trend_dev_005,7,rbi_mpr_2026_04,,False
demoted,,2,1,FAC01,True,,trend_dev_006,-1,rbi_mpr_2025_04,,False
demoted,,5,2,FAC01,True,,trend_dev_006,-3,rbi_mpr_2025_10,,False
promoted,,4,8,FAC01,True,,trend_dev_006,4,rbi_mpr_2026_04,,False
unchanged,,1,1,FR01,True,,oct_dev_001,0,rbi_mpr_2025_10,,False
promoted,,4,6,FR01,True,,oct_dev_002,2,rbi_mpr_2025_10,,False
promoted,,3,10,FR01,True,,oct_dev_003,7,rbi_mpr_2025_10,,False
unchanged,,1,1,FR01,True,,oct_dev_004,0,rbi_mpr_2025_10,,False
promoted,,8,14,FR01,True,,oct_dev_005,6,rbi_mpr_2025_10,,False
unchanged,,1,1,FR01,True,,oct_dev_006,0,rbi_mpr_2025_10,,False
demoted,,2,1,FR01,True,,apr26_dev_001,-1,rbi_mpr_2026_04,,False
demoted,,14,7,FR01,True,,apr26_dev_002,-7,rbi_mpr_2026_04,,False
demoted,,11,4,FR01,True,,apr26_dev_003,-7,rbi_mpr_2026_04,,False
promoted,,10,16,FR01,True,,apr26_dev_004,6,rbi_mpr_2026_04,,False
promoted,,10,14,FR01,True,,apr26_dev_005,4,rbi_mpr_2026_04,,False
demoted,,3,2,FR01,True,,apr26_dev_006,-1,rbi_mpr_2026_04,,False
promoted,,3,25,FR01,True,,cmp_dev_001,22,rbi_mpr_2025_04,,False
demoted,,4,1,FR01,True,,cmp_dev_001,-3,rbi_mpr_2025_10,,False
unchanged,,1,1,FR01,True,,cmp_dev_002,0,rbi_mpr_2025_04,,False
demoted,,2,1,FR01,True,,cmp_dev_002,-1,rbi_mpr_2025_10,,False
unchanged,,1,1,FR01,True,,cmp_dev_003,0,rbi_mpr_2025_04,,False
unchanged,,1,1,FR01,True,,cmp_dev_003,0,rbi_mpr_2025_10,,False
promoted,,4,25,FR01,True,,cmp_dev_004,21,rbi_mpr_2025_10,,False
demoted,,3,1,FR01,True,,cmp_dev_005,-2,rbi_mpr_2025_10,,False
demoted,,20,2,FR01,True,,cmp_dev_005,-18,rbi_mpr_2026_04,,False
unchanged,,2,2,FR01,True,,cmp_dev_006,0,rbi_mpr_2025_10,,False
promoted,,13,20,FR01,True,,cmp_dev_007,7,rbi_mpr_2025_10,,False
demoted,,18,7,FR01,True,,cmp_dev_007,-11,rbi_mpr_2026_04,,False
promoted,,1,11,FR01,True,,cmp_dev_008,10,rbi_mpr_2025_10,,False
promoted,,1,25,FR01,True,,cmp_dev_008,24,rbi_mpr_2026_04,,False
promoted,,1,4,FR01,True,,cmp_dev_011,3,rbi_mpr_2025_04,,False
demoted,,20,11,FR01,True,,cmp_dev_011,-9,rbi_mpr_2026_04,,False
demoted,,11,5,FR01,True,,cmp_dev_012,-6,rbi_mpr_2025_04,,False
promoted,,1,9,FR01,True,,cmp_dev_012,8,rbi_mpr_2026_04,,False
promoted,,4,21,FR01,True,,trend_dev_001,17,rbi_mpr_2026_04,,False
demoted,,11,5,FR01,True,,trend_dev_002,-6,rbi_mpr_2025_10,,False
promoted,,1,9,FR01,True,,trend_dev_003,8,rbi_mpr_2025_04,,False
promoted,,2,12,FR01,True,,trend_dev_003,10,rbi_mpr_2025_10,,False
unchanged,,6,6,FR01,True,,trend_dev_003,0,rbi_mpr_2026_04,,False
demoted,,3,1,FR01,True,,trend_dev_005,-2,rbi_mpr_2025_04,,False
promoted,,1,11,FR01,True,,trend_dev_005,10,rbi_mpr_2025_10,,False
promoted,,2,15,FR01,True,,trend_dev_005,13,rbi_mpr_2026_04,,False
unchanged,,1,1,FR01,True,,trend_dev_006,0,rbi_mpr_2025_04,,False
demoted,,6,2,FR01,True,,trend_dev_006,-4,rbi_mpr_2025_10,,False
demoted,,4,1,FR01,True,,trend_dev_006,-3,rbi_mpr_2026_04,,False
unchanged,,1,1,FR02,True,,oct_dev_001,0,rbi_mpr_2025_10,,False
promoted,,4,6,FR02,True,,oct_dev_002,2,rbi_mpr_2025_10,,False
promoted,,3,10,FR02,True,,oct_dev_003,7,rbi_mpr_2025_10,,False
unchanged,,1,1,FR02,True,,oct_dev_004,0,rbi_mpr_2025_10,,False
promoted,,9,14,FR02,True,,oct_dev_005,5,rbi_mpr_2025_10,,False
unchanged,,1,1,FR02,True,,oct_dev_006,0,rbi_mpr_2025_10,,False
demoted,,2,1,FR02,True,,apr26_dev_001,-1,rbi_mpr_2026_04,,False
demoted,,17,7,FR02,True,,apr26_dev_002,-10,rbi_mpr_2026_04,,False
demoted,,12,4,FR02,True,,apr26_dev_003,-8,rbi_mpr_2026_04,,False
promoted,,12,16,FR02,True,,apr26_dev_004,4,rbi_mpr_2026_04,,False
promoted,,10,14,FR02,True,,apr26_dev_005,4,rbi_mpr_2026_04,,False
demoted,,3,2,FR02,True,,apr26_dev_006,-1,rbi_mpr_2026_04,,False
promoted,,3,25,FR02,True,,cmp_dev_001,22,rbi_mpr_2025_04,,False
demoted,,4,1,FR02,True,,cmp_dev_001,-3,rbi_mpr_2025_10,,False
unchanged,,1,1,FR02,True,,cmp_dev_002,0,rbi_mpr_2025_04,,False
demoted,,2,1,FR02,True,,cmp_dev_002,-1,rbi_mpr_2025_10,,False
unchanged,,1,1,FR02,True,,cmp_dev_003,0,rbi_mpr_2025_04,,False
unchanged,,1,1,FR02,True,,cmp_dev_003,0,rbi_mpr_2025_10,,False
promoted,,4,25,FR02,True,,cmp_dev_004,21,rbi_mpr_2025_10,,False
demoted,,3,1,FR02,True,,cmp_dev_005,-2,rbi_mpr_2025_10,,False
demoted,,24,2,FR02,True,,cmp_dev_005,-22,rbi_mpr_2026_04,,False
unchanged,,2,2,FR02,True,,cmp_dev_006,0,rbi_mpr_2025_10,,False
promoted,,14,20,FR02,True,,cmp_dev_007,6,rbi_mpr_2025_10,,False
demoted,,20,7,FR02,True,,cmp_dev_007,-13,rbi_mpr_2026_04,,False
promoted,,1,11,FR02,True,,cmp_dev_008,10,rbi_mpr_2025_10,,False
promoted,,1,25,FR02,True,,cmp_dev_008,24,rbi_mpr_2026_04,,False
promoted,,1,4,FR02,True,,cmp_dev_011,3,rbi_mpr_2025_04,,False
demoted,,23,11,FR02,True,,cmp_dev_011,-12,rbi_mpr_2026_04,,False
demoted,,11,5,FR02,True,,cmp_dev_012,-6,rbi_mpr_2025_04,,False
promoted,,1,9,FR02,True,,cmp_dev_012,8,rbi_mpr_2026_04,,False
promoted,,4,21,FR02,True,,trend_dev_001,17,rbi_mpr_2026_04,,False
demoted,,11,5,FR02,True,,trend_dev_002,-6,rbi_mpr_2025_10,,False
promoted,,1,9,FR02,True,,trend_dev_003,8,rbi_mpr_2025_04,,False
promoted,,2,12,FR02,True,,trend_dev_003,10,rbi_mpr_2025_10,,False
demoted,,7,6,FR02,True,,trend_dev_003,-1,rbi_mpr_2026_04,,False
demoted,,3,1,FR02,True,,trend_dev_005,-2,rbi_mpr_2025_04,,False
promoted,,1,11,FR02,True,,trend_dev_005,10,rbi_mpr_2025_10,,False
promoted,,2,15,FR02,True,,trend_dev_005,13,rbi_mpr_2026_04,,False
unchanged,,1,1,FR02,True,,trend_dev_006,0,rbi_mpr_2025_04,,False
demoted,,6,2,FR02,True,,trend_dev_006,-4,rbi_mpr_2025_10,,False
demoted,,4,1,FR02,True,,trend_dev_006,-3,rbi_mpr_2026_04,,False
unchanged,,1,1,FR03,True,,oct_dev_001,0,rbi_mpr_2025_10,,False
promoted,,4,6,FR03,True,,oct_dev_002,2,rbi_mpr_2025_10,,False
promoted,,3,10,FR03,True,,oct_dev_003,7,rbi_mpr_2025_10,,False
unchanged,,1,1,FR03,True,,oct_dev_004,0,rbi_mpr_2025_10,,False
promoted,,9,14,FR03,True,,oct_dev_005,5,rbi_mpr_2025_10,,False
unchanged,,1,1,FR03,True,,oct_dev_006,0,rbi_mpr_2025_10,,False
demoted,,2,1,FR03,True,,apr26_dev_001,-1,rbi_mpr_2026_04,,False
demoted,,21,7,FR03,True,,apr26_dev_002,-14,rbi_mpr_2026_04,,False
demoted,,12,4,FR03,True,,apr26_dev_003,-8,rbi_mpr_2026_04,,False
promoted,,15,16,FR03,True,,apr26_dev_004,1,rbi_mpr_2026_04,,False
promoted,,11,14,FR03,True,,apr26_dev_005,3,rbi_mpr_2026_04,,False
demoted,,3,2,FR03,True,,apr26_dev_006,-1,rbi_mpr_2026_04,,False
promoted,,3,25,FR03,True,,cmp_dev_001,22,rbi_mpr_2025_04,,False
demoted,,4,1,FR03,True,,cmp_dev_001,-3,rbi_mpr_2025_10,,False
demoted,,2,1,FR03,True,,cmp_dev_002,-1,rbi_mpr_2025_04,,False
demoted,,2,1,FR03,True,,cmp_dev_002,-1,rbi_mpr_2025_10,,False
unchanged,,1,1,FR03,True,,cmp_dev_003,0,rbi_mpr_2025_04,,False
unchanged,,1,1,FR03,True,,cmp_dev_003,0,rbi_mpr_2025_10,,False
promoted,,2,39,FR03,True,,cmp_dev_004,37,rbi_mpr_2025_04,,False
promoted,,4,25,FR03,True,,cmp_dev_004,21,rbi_mpr_2025_10,,False
demoted,,3,1,FR03,True,,cmp_dev_005,-2,rbi_mpr_2025_10,,False
demoted,,30,2,FR03,True,,cmp_dev_005,-28,rbi_mpr_2026_04,,False
unchanged,,2,2,FR03,True,,cmp_dev_006,0,rbi_mpr_2025_10,,False
promoted,,17,20,FR03,True,,cmp_dev_007,3,rbi_mpr_2025_10,,False
demoted,,24,7,FR03,True,,cmp_dev_007,-17,rbi_mpr_2026_04,,False
promoted,,1,11,FR03,True,,cmp_dev_008,10,rbi_mpr_2025_10,,False
promoted,,1,25,FR03,True,,cmp_dev_008,24,rbi_mpr_2026_04,,False
promoted,,8,33,FR03,True,,cmp_dev_009,25,rbi_mpr_2026_04,,False
promoted,,30,35,FR03,True,,cmp_dev_010,5,rbi_mpr_2026_04,,False
promoted,,1,4,FR03,True,,cmp_dev_011,3,rbi_mpr_2025_04,,False
demoted,,29,11,FR03,True,,cmp_dev_011,-18,rbi_mpr_2026_04,,False
demoted,,14,5,FR03,True,,cmp_dev_012,-9,rbi_mpr_2025_04,,False
promoted,,1,9,FR03,True,,cmp_dev_012,8,rbi_mpr_2026_04,,False
promoted,,15,31,FR03,True,,trend_dev_001,16,rbi_mpr_2025_10,,False
promoted,,5,21,FR03,True,,trend_dev_001,16,rbi_mpr_2026_04,,False
demoted,,14,5,FR03,True,,trend_dev_002,-9,rbi_mpr_2025_10,,False
promoted,,1,9,FR03,True,,trend_dev_003,8,rbi_mpr_2025_04,,False
promoted,,2,12,FR03,True,,trend_dev_003,10,rbi_mpr_2025_10,,False
demoted,,7,6,FR03,True,,trend_dev_003,-1,rbi_mpr_2026_04,,False
demoted,,3,1,FR03,True,,trend_dev_005,-2,rbi_mpr_2025_04,,False
promoted,,1,11,FR03,True,,trend_dev_005,10,rbi_mpr_2025_10,,False
promoted,,2,15,FR03,True,,trend_dev_005,13,rbi_mpr_2026_04,,False
unchanged,,1,1,FR03,True,,trend_dev_006,0,rbi_mpr_2025_04,,False
demoted,,6,2,FR03,True,,trend_dev_006,-4,rbi_mpr_2025_10,,False
demoted,,4,1,FR03,True,,trend_dev_006,-3,rbi_mpr_2026_04,,False
unchanged,,1,1,FR04,True,,oct_dev_001,0,rbi_mpr_2025_10,,False
promoted,,4,6,FR04,True,,oct_dev_002,2,rbi_mpr_2025_10,,False
promoted,,3,10,FR04,True,,oct_dev_003,7,rbi_mpr_2025_10,,False
unchanged,,1,1,FR04,True,,oct_dev_004,0,rbi_mpr_2025_10,,False
promoted,,9,14,FR04,True,,oct_dev_005,5,rbi_mpr_2025_10,,False
unchanged,,1,1,FR04,True,,oct_dev_006,0,rbi_mpr_2025_10,,False
demoted,,2,1,FR04,True,,apr26_dev_001,-1,rbi_mpr_2026_04,,False
demoted,,23,7,FR04,True,,apr26_dev_002,-16,rbi_mpr_2026_04,,False
demoted,,12,4,FR04,True,,apr26_dev_003,-8,rbi_mpr_2026_04,,False
unchanged,,16,16,FR04,True,,apr26_dev_004,0,rbi_mpr_2026_04,,False
promoted,,12,14,FR04,True,,apr26_dev_005,2,rbi_mpr_2026_04,,False
demoted,,3,2,FR04,True,,apr26_dev_006,-1,rbi_mpr_2026_04,,False
promoted,,3,25,FR04,True,,cmp_dev_001,22,rbi_mpr_2025_04,,False
demoted,,4,1,FR04,True,,cmp_dev_001,-3,rbi_mpr_2025_10,,False
demoted,,2,1,FR04,True,,cmp_dev_002,-1,rbi_mpr_2025_04,,False
demoted,,2,1,FR04,True,,cmp_dev_002,-1,rbi_mpr_2025_10,,False
unchanged,,1,1,FR04,True,,cmp_dev_003,0,rbi_mpr_2025_04,,False
unchanged,,1,1,FR04,True,,cmp_dev_003,0,rbi_mpr_2025_10,,False
promoted,,2,39,FR04,True,,cmp_dev_004,37,rbi_mpr_2025_04,,False
promoted,,4,25,FR04,True,,cmp_dev_004,21,rbi_mpr_2025_10,,False
demoted,,3,1,FR04,True,,cmp_dev_005,-2,rbi_mpr_2025_10,,False
demoted,,35,2,FR04,True,,cmp_dev_005,-33,rbi_mpr_2026_04,,False
unchanged,,2,2,FR04,True,,cmp_dev_006,0,rbi_mpr_2025_10,,False
promoted,,18,20,FR04,True,,cmp_dev_007,2,rbi_mpr_2025_10,,False
demoted,,30,7,FR04,True,,cmp_dev_007,-23,rbi_mpr_2026_04,,False
promoted,,1,11,FR04,True,,cmp_dev_008,10,rbi_mpr_2025_10,,False
promoted,,1,25,FR04,True,,cmp_dev_008,24,rbi_mpr_2026_04,,False
promoted,,9,33,FR04,True,,cmp_dev_009,24,rbi_mpr_2026_04,,False
promoted,,16,35,FR04,True,,cmp_dev_010,19,rbi_mpr_2026_04,,False
promoted,,1,4,FR04,True,,cmp_dev_011,3,rbi_mpr_2025_04,,False
demoted,,34,11,FR04,True,,cmp_dev_011,-23,rbi_mpr_2026_04,,False
demoted,,15,5,FR04,True,,cmp_dev_012,-10,rbi_mpr_2025_04,,False
promoted,,1,9,FR04,True,,cmp_dev_012,8,rbi_mpr_2026_04,,False
promoted,,8,31,FR04,True,,trend_dev_001,23,rbi_mpr_2025_10,,False
promoted,,5,21,FR04,True,,trend_dev_001,16,rbi_mpr_2026_04,,False
demoted,,17,5,FR04,True,,trend_dev_002,-12,rbi_mpr_2025_10,,False
promoted,,1,9,FR04,True,,trend_dev_003,8,rbi_mpr_2025_04,,False
promoted,,2,12,FR04,True,,trend_dev_003,10,rbi_mpr_2025_10,,False
demoted,,8,6,FR04,True,,trend_dev_003,-2,rbi_mpr_2026_04,,False
demoted,,3,1,FR04,True,,trend_dev_005,-2,rbi_mpr_2025_04,,False
promoted,,1,11,FR04,True,,trend_dev_005,10,rbi_mpr_2025_10,,False
promoted,,2,15,FR04,True,,trend_dev_005,13,rbi_mpr_2026_04,,False
unchanged,,1,1,FR04,True,,trend_dev_006,0,rbi_mpr_2025_04,,False
demoted,,6,2,FR04,True,,trend_dev_006,-4,rbi_mpr_2025_10,,False
demoted,,4,1,FR04,True,,trend_dev_006,-3,rbi_mpr_2026_04,,False
unchanged,,1,1,QN01,True,,oct_dev_001,0,rbi_mpr_2025_10,,False
unchanged,,4,4,QN01,True,,oct_dev_002,0,rbi_mpr_2025_10,,False
promoted,,3,10,QN01,True,,oct_dev_003,7,rbi_mpr_2025_10,,False
unchanged,,1,1,QN01,True,,oct_dev_004,0,rbi_mpr_2025_10,,False
promoted,,8,16,QN01,True,,oct_dev_005,8,rbi_mpr_2025_10,,False
unchanged,,1,1,QN01,True,,oct_dev_006,0,rbi_mpr_2025_10,,False
promoted,,2,3,QN01,True,,apr26_dev_001,1,rbi_mpr_2026_04,,False
demoted,,17,11,QN01,True,,apr26_dev_002,-6,rbi_mpr_2026_04,,False
demoted,,11,7,QN01,True,,apr26_dev_003,-4,rbi_mpr_2026_04,,False
promoted,,13,18,QN01,True,,apr26_dev_004,5,rbi_mpr_2026_04,,False
promoted,,10,22,QN01,True,,apr26_dev_005,12,rbi_mpr_2026_04,,False
demoted,,3,2,QN01,True,,apr26_dev_006,-1,rbi_mpr_2026_04,,False
promoted,,4,24,QN01,True,,cmp_dev_001,20,rbi_mpr_2025_04,,False
demoted,,3,1,QN01,True,,cmp_dev_001,-2,rbi_mpr_2025_10,,False
demoted,,2,1,QN01,True,,cmp_dev_002,-1,rbi_mpr_2025_04,,False
demoted,,3,1,QN01,True,,cmp_dev_002,-2,rbi_mpr_2025_10,,False
unchanged,,1,1,QN01,True,,cmp_dev_003,0,rbi_mpr_2025_04,,False
unchanged,,1,1,QN01,True,,cmp_dev_003,0,rbi_mpr_2025_10,,False
promoted,,4,25,QN01,True,,cmp_dev_004,21,rbi_mpr_2025_10,,False
demoted,,2,1,QN01,True,,cmp_dev_005,-1,rbi_mpr_2025_10,,False
demoted,,21,2,QN01,True,,cmp_dev_005,-19,rbi_mpr_2026_04,,False
unchanged,,2,2,QN01,True,,cmp_dev_006,0,rbi_mpr_2025_10,,False
promoted,,13,21,QN01,True,,cmp_dev_007,8,rbi_mpr_2025_10,,False
demoted,,19,7,QN01,True,,cmp_dev_007,-12,rbi_mpr_2026_04,,False
promoted,,1,12,QN01,True,,cmp_dev_008,11,rbi_mpr_2025_10,,False
promoted,,7,23,QN01,True,,cmp_dev_009,16,rbi_mpr_2026_04,,False
promoted,,1,5,QN01,True,,cmp_dev_011,4,rbi_mpr_2025_04,,False
demoted,,23,10,QN01,True,,cmp_dev_011,-13,rbi_mpr_2026_04,,False
demoted,,10,5,QN01,True,,cmp_dev_012,-5,rbi_mpr_2025_04,,False
promoted,,2,11,QN01,True,,cmp_dev_012,9,rbi_mpr_2026_04,,False
promoted,,13,27,QN01,True,,trend_dev_001,14,rbi_mpr_2025_10,,False
demoted,,11,5,QN01,True,,trend_dev_002,-6,rbi_mpr_2025_10,,False
promoted,,1,8,QN01,True,,trend_dev_003,7,rbi_mpr_2025_04,,False
promoted,,2,10,QN01,True,,trend_dev_003,8,rbi_mpr_2025_10,,False
promoted,,6,7,QN01,True,,trend_dev_003,1,rbi_mpr_2026_04,,False
demoted,,2,1,QN01,True,,trend_dev_005,-1,rbi_mpr_2025_04,,False
promoted,,1,9,QN01,True,,trend_dev_005,8,rbi_mpr_2025_10,,False
promoted,,2,9,QN01,True,,trend_dev_005,7,rbi_mpr_2026_04,,False
demoted,,2,1,QN01,True,,trend_dev_006,-1,rbi_mpr_2025_04,,False
demoted,,5,2,QN01,True,,trend_dev_006,-3,rbi_mpr_2025_10,,False
promoted,,4,8,QN01,True,,trend_dev_006,4,rbi_mpr_2026_04,,False
unchanged,,1,1,QUOTA_EXPANDED,True,,oct_dev_001,0,rbi_mpr_2025_10,,False
promoted,,4,6,QUOTA_EXPANDED,True,,oct_dev_002,2,rbi_mpr_2025_10,,False
promoted,,3,10,QUOTA_EXPANDED,True,,oct_dev_003,7,rbi_mpr_2025_10,,False
unchanged,,1,1,QUOTA_EXPANDED,True,,oct_dev_004,0,rbi_mpr_2025_10,,False
promoted,,9,14,QUOTA_EXPANDED,True,,oct_dev_005,5,rbi_mpr_2025_10,,False
unchanged,,1,1,QUOTA_EXPANDED,True,,oct_dev_006,0,rbi_mpr_2025_10,,False
demoted,,2,1,QUOTA_EXPANDED,True,,apr26_dev_001,-1,rbi_mpr_2026_04,,False
demoted,,17,7,QUOTA_EXPANDED,True,,apr26_dev_002,-10,rbi_mpr_2026_04,,False
demoted,,12,4,QUOTA_EXPANDED,True,,apr26_dev_003,-8,rbi_mpr_2026_04,,False
promoted,,12,16,QUOTA_EXPANDED,True,,apr26_dev_004,4,rbi_mpr_2026_04,,False
promoted,,10,14,QUOTA_EXPANDED,True,,apr26_dev_005,4,rbi_mpr_2026_04,,False
demoted,,3,2,QUOTA_EXPANDED,True,,apr26_dev_006,-1,rbi_mpr_2026_04,,False
promoted,,3,25,QUOTA_EXPANDED,True,,cmp_dev_001,22,rbi_mpr_2025_04,,False
demoted,,4,1,QUOTA_EXPANDED,True,,cmp_dev_001,-3,rbi_mpr_2025_10,,False
unchanged,,1,1,QUOTA_EXPANDED,True,,cmp_dev_002,0,rbi_mpr_2025_04,,False
demoted,,2,1,QUOTA_EXPANDED,True,,cmp_dev_002,-1,rbi_mpr_2025_10,,False
unchanged,,1,1,QUOTA_EXPANDED,True,,cmp_dev_003,0,rbi_mpr_2025_04,,False
unchanged,,1,1,QUOTA_EXPANDED,True,,cmp_dev_003,0,rbi_mpr_2025_10,,False
promoted,,4,25,QUOTA_EXPANDED,True,,cmp_dev_004,21,rbi_mpr_2025_10,,False
demoted,,3,1,QUOTA_EXPANDED,True,,cmp_dev_005,-2,rbi_mpr_2025_10,,False
demoted,,24,2,QUOTA_EXPANDED,True,,cmp_dev_005,-22,rbi_mpr_2026_04,,False
unchanged,,2,2,QUOTA_EXPANDED,True,,cmp_dev_006,0,rbi_mpr_2025_10,,False
promoted,,14,20,QUOTA_EXPANDED,True,,cmp_dev_007,6,rbi_mpr_2025_10,,False
demoted,,20,7,QUOTA_EXPANDED,True,,cmp_dev_007,-13,rbi_mpr_2026_04,,False
promoted,,1,11,QUOTA_EXPANDED,True,,cmp_dev_008,10,rbi_mpr_2025_10,,False
promoted,,1,25,QUOTA_EXPANDED,True,,cmp_dev_008,24,rbi_mpr_2026_04,,False
promoted,,1,4,QUOTA_EXPANDED,True,,cmp_dev_011,3,rbi_mpr_2025_04,,False
demoted,,23,11,QUOTA_EXPANDED,True,,cmp_dev_011,-12,rbi_mpr_2026_04,,False
demoted,,11,5,QUOTA_EXPANDED,True,,cmp_dev_012,-6,rbi_mpr_2025_04,,False
promoted,,1,9,QUOTA_EXPANDED,True,,cmp_dev_012,8,rbi_mpr_2026_04,,False
promoted,,4,21,QUOTA_EXPANDED,True,,trend_dev_001,17,rbi_mpr_2026_04,,False
demoted,,11,5,QUOTA_EXPANDED,True,,trend_dev_002,-6,rbi_mpr_2025_10,,False
promoted,,1,9,QUOTA_EXPANDED,True,,trend_dev_003,8,rbi_mpr_2025_04,,False
promoted,,2,12,QUOTA_EXPANDED,True,,trend_dev_003,10,rbi_mpr_2025_10,,False
demoted,,7,6,QUOTA_EXPANDED,True,,trend_dev_003,-1,rbi_mpr_2026_04,,False
demoted,,3,1,QUOTA_EXPANDED,True,,trend_dev_005,-2,rbi_mpr_2025_04,,False
promoted,,1,11,QUOTA_EXPANDED,True,,trend_dev_005,10,rbi_mpr_2025_10,,False
promoted,,2,15,QUOTA_EXPANDED,True,,trend_dev_005,13,rbi_mpr_2026_04,,False
unchanged,,1,1,QUOTA_EXPANDED,True,,trend_dev_006,0,rbi_mpr_2025_04,,False
demoted,,6,2,QUOTA_EXPANDED,True,,trend_dev_006,-4,rbi_mpr_2025_10,,False
demoted,,4,1,QUOTA_EXPANDED,True,,trend_dev_006,-3,rbi_mpr_2026_04,,False
unchanged,,1,1,QUOTA_LARGE,True,,oct_dev_001,0,rbi_mpr_2025_10,,False
promoted,,4,6,QUOTA_LARGE,True,,oct_dev_002,2,rbi_mpr_2025_10,,False
promoted,,3,10,QUOTA_LARGE,True,,oct_dev_003,7,rbi_mpr_2025_10,,False
unchanged,,1,1,QUOTA_LARGE,True,,oct_dev_004,0,rbi_mpr_2025_10,,False
promoted,,9,14,QUOTA_LARGE,True,,oct_dev_005,5,rbi_mpr_2025_10,,False
unchanged,,1,1,QUOTA_LARGE,True,,oct_dev_006,0,rbi_mpr_2025_10,,False
demoted,,2,1,QUOTA_LARGE,True,,apr26_dev_001,-1,rbi_mpr_2026_04,,False
demoted,,17,7,QUOTA_LARGE,True,,apr26_dev_002,-10,rbi_mpr_2026_04,,False
demoted,,12,4,QUOTA_LARGE,True,,apr26_dev_003,-8,rbi_mpr_2026_04,,False
promoted,,12,16,QUOTA_LARGE,True,,apr26_dev_004,4,rbi_mpr_2026_04,,False
promoted,,10,14,QUOTA_LARGE,True,,apr26_dev_005,4,rbi_mpr_2026_04,,False
demoted,,3,2,QUOTA_LARGE,True,,apr26_dev_006,-1,rbi_mpr_2026_04,,False
promoted,,3,25,QUOTA_LARGE,True,,cmp_dev_001,22,rbi_mpr_2025_04,,False
demoted,,4,1,QUOTA_LARGE,True,,cmp_dev_001,-3,rbi_mpr_2025_10,,False
unchanged,,1,1,QUOTA_LARGE,True,,cmp_dev_002,0,rbi_mpr_2025_04,,False
demoted,,2,1,QUOTA_LARGE,True,,cmp_dev_002,-1,rbi_mpr_2025_10,,False
unchanged,,1,1,QUOTA_LARGE,True,,cmp_dev_003,0,rbi_mpr_2025_04,,False
unchanged,,1,1,QUOTA_LARGE,True,,cmp_dev_003,0,rbi_mpr_2025_10,,False
promoted,,4,25,QUOTA_LARGE,True,,cmp_dev_004,21,rbi_mpr_2025_10,,False
demoted,,3,1,QUOTA_LARGE,True,,cmp_dev_005,-2,rbi_mpr_2025_10,,False
demoted,,24,2,QUOTA_LARGE,True,,cmp_dev_005,-22,rbi_mpr_2026_04,,False
unchanged,,2,2,QUOTA_LARGE,True,,cmp_dev_006,0,rbi_mpr_2025_10,,False
promoted,,14,20,QUOTA_LARGE,True,,cmp_dev_007,6,rbi_mpr_2025_10,,False
demoted,,20,7,QUOTA_LARGE,True,,cmp_dev_007,-13,rbi_mpr_2026_04,,False
promoted,,1,11,QUOTA_LARGE,True,,cmp_dev_008,10,rbi_mpr_2025_10,,False
promoted,,1,25,QUOTA_LARGE,True,,cmp_dev_008,24,rbi_mpr_2026_04,,False
promoted,,1,4,QUOTA_LARGE,True,,cmp_dev_011,3,rbi_mpr_2025_04,,False
demoted,,23,11,QUOTA_LARGE,True,,cmp_dev_011,-12,rbi_mpr_2026_04,,False
demoted,,11,5,QUOTA_LARGE,True,,cmp_dev_012,-6,rbi_mpr_2025_04,,False
promoted,,1,9,QUOTA_LARGE,True,,cmp_dev_012,8,rbi_mpr_2026_04,,False
promoted,,4,21,QUOTA_LARGE,True,,trend_dev_001,17,rbi_mpr_2026_04,,False
demoted,,11,5,QUOTA_LARGE,True,,trend_dev_002,-6,rbi_mpr_2025_10,,False
promoted,,1,9,QUOTA_LARGE,True,,trend_dev_003,8,rbi_mpr_2025_04,,False
promoted,,2,12,QUOTA_LARGE,True,,trend_dev_003,10,rbi_mpr_2025_10,,False
demoted,,7,6,QUOTA_LARGE,True,,trend_dev_003,-1,rbi_mpr_2026_04,,False
demoted,,3,1,QUOTA_LARGE,True,,trend_dev_005,-2,rbi_mpr_2025_04,,False
promoted,,1,11,QUOTA_LARGE,True,,trend_dev_005,10,rbi_mpr_2025_10,,False
promoted,,2,15,QUOTA_LARGE,True,,trend_dev_005,13,rbi_mpr_2026_04,,False
unchanged,,1,1,QUOTA_LARGE,True,,trend_dev_006,0,rbi_mpr_2025_04,,False
demoted,,6,2,QUOTA_LARGE,True,,trend_dev_006,-4,rbi_mpr_2025_10,,False
demoted,,4,1,QUOTA_LARGE,True,,trend_dev_006,-3,rbi_mpr_2026_04,,False
unchanged,,1,1,RRF_K10,True,,oct_dev_001,0,rbi_mpr_2025_10,,False
unchanged,,4,4,RRF_K10,True,,oct_dev_002,0,rbi_mpr_2025_10,,False
promoted,,3,8,RRF_K10,True,,oct_dev_003,5,rbi_mpr_2025_10,,False
unchanged,,1,1,RRF_K10,True,,oct_dev_004,0,rbi_mpr_2025_10,,False
demoted,,9,6,RRF_K10,True,,oct_dev_005,-3,rbi_mpr_2025_10,,False
unchanged,,1,1,RRF_K10,True,,oct_dev_006,0,rbi_mpr_2025_10,,False
demoted,,2,1,RRF_K10,True,,apr26_dev_001,-1,rbi_mpr_2026_04,,False
demoted,,17,9,RRF_K10,True,,apr26_dev_002,-8,rbi_mpr_2026_04,,False
demoted,,11,4,RRF_K10,True,,apr26_dev_003,-7,rbi_mpr_2026_04,,False
promoted,,14,25,RRF_K10,True,,apr26_dev_004,11,rbi_mpr_2026_04,,False
promoted,,10,12,RRF_K10,True,,apr26_dev_005,2,rbi_mpr_2026_04,,False
demoted,,3,2,RRF_K10,True,,apr26_dev_006,-1,rbi_mpr_2026_04,,False
promoted,,3,19,RRF_K10,True,,cmp_dev_001,16,rbi_mpr_2025_04,,False
demoted,,4,1,RRF_K10,True,,cmp_dev_001,-3,rbi_mpr_2025_10,,False
unchanged,,1,1,RRF_K10,True,,cmp_dev_002,0,rbi_mpr_2025_04,,False
demoted,,2,1,RRF_K10,True,,cmp_dev_002,-1,rbi_mpr_2025_10,,False
promoted,,1,2,RRF_K10,True,,cmp_dev_003,1,rbi_mpr_2025_04,,False
unchanged,,1,1,RRF_K10,True,,cmp_dev_003,0,rbi_mpr_2025_10,,False
promoted,,3,24,RRF_K10,True,,cmp_dev_004,21,rbi_mpr_2025_10,,False
demoted,,3,1,RRF_K10,True,,cmp_dev_005,-2,rbi_mpr_2025_10,,False
demoted,,25,4,RRF_K10,True,,cmp_dev_005,-21,rbi_mpr_2026_04,,False
unchanged,,2,2,RRF_K10,True,,cmp_dev_006,0,rbi_mpr_2025_10,,False
promoted,,14,17,RRF_K10,True,,cmp_dev_007,3,rbi_mpr_2025_10,,False
demoted,,19,11,RRF_K10,True,,cmp_dev_007,-8,rbi_mpr_2026_04,,False
promoted,,1,4,RRF_K10,True,,cmp_dev_008,3,rbi_mpr_2025_10,,False
promoted,,1,22,RRF_K10,True,,cmp_dev_008,21,rbi_mpr_2026_04,,False
promoted,,1,3,RRF_K10,True,,cmp_dev_011,2,rbi_mpr_2025_04,,False
demoted,,24,20,RRF_K10,True,,cmp_dev_011,-4,rbi_mpr_2026_04,,False
demoted,,11,5,RRF_K10,True,,cmp_dev_012,-6,rbi_mpr_2025_04,,False
promoted,,1,5,RRF_K10,True,,cmp_dev_012,4,rbi_mpr_2026_04,,False
promoted,,13,30,RRF_K10,True,,trend_dev_001,17,rbi_mpr_2025_10,,False
promoted,,5,19,RRF_K10,True,,trend_dev_001,14,rbi_mpr_2026_04,,False
promoted,,11,22,RRF_K10,True,,trend_dev_002,11,rbi_mpr_2025_10,,False
promoted,,1,3,RRF_K10,True,,trend_dev_003,2,rbi_mpr_2025_04,,False
promoted,,2,4,RRF_K10,True,,trend_dev_003,2,rbi_mpr_2025_10,,False
promoted,,7,15,RRF_K10,True,,trend_dev_003,8,rbi_mpr_2026_04,,False
demoted,,3,1,RRF_K10,True,,trend_dev_005,-2,rbi_mpr_2025_04,,False
promoted,,1,6,RRF_K10,True,,trend_dev_005,5,rbi_mpr_2025_10,,False
promoted,,2,6,RRF_K10,True,,trend_dev_005,4,rbi_mpr_2026_04,,False
unchanged,,1,1,RRF_K10,True,,trend_dev_006,0,rbi_mpr_2025_04,,False
demoted,,6,2,RRF_K10,True,,trend_dev_006,-4,rbi_mpr_2025_10,,False
demoted,,4,1,RRF_K10,True,,trend_dev_006,-3,rbi_mpr_2026_04,,False
unchanged,,1,1,RRF_K100,True,,oct_dev_001,0,rbi_mpr_2025_10,,False
promoted,,4,6,RRF_K100,True,,oct_dev_002,2,rbi_mpr_2025_10,,False
promoted,,3,10,RRF_K100,True,,oct_dev_003,7,rbi_mpr_2025_10,,False
unchanged,,1,1,RRF_K100,True,,oct_dev_004,0,rbi_mpr_2025_10,,False
promoted,,9,14,RRF_K100,True,,oct_dev_005,5,rbi_mpr_2025_10,,False
unchanged,,1,1,RRF_K100,True,,oct_dev_006,0,rbi_mpr_2025_10,,False
demoted,,2,1,RRF_K100,True,,apr26_dev_001,-1,rbi_mpr_2026_04,,False
demoted,,17,7,RRF_K100,True,,apr26_dev_002,-10,rbi_mpr_2026_04,,False
demoted,,12,4,RRF_K100,True,,apr26_dev_003,-8,rbi_mpr_2026_04,,False
promoted,,12,16,RRF_K100,True,,apr26_dev_004,4,rbi_mpr_2026_04,,False
promoted,,10,14,RRF_K100,True,,apr26_dev_005,4,rbi_mpr_2026_04,,False
demoted,,3,2,RRF_K100,True,,apr26_dev_006,-1,rbi_mpr_2026_04,,False
promoted,,3,25,RRF_K100,True,,cmp_dev_001,22,rbi_mpr_2025_04,,False
demoted,,4,1,RRF_K100,True,,cmp_dev_001,-3,rbi_mpr_2025_10,,False
unchanged,,1,1,RRF_K100,True,,cmp_dev_002,0,rbi_mpr_2025_04,,False
demoted,,2,1,RRF_K100,True,,cmp_dev_002,-1,rbi_mpr_2025_10,,False
unchanged,,1,1,RRF_K100,True,,cmp_dev_003,0,rbi_mpr_2025_04,,False
unchanged,,1,1,RRF_K100,True,,cmp_dev_003,0,rbi_mpr_2025_10,,False
promoted,,4,25,RRF_K100,True,,cmp_dev_004,21,rbi_mpr_2025_10,,False
demoted,,3,1,RRF_K100,True,,cmp_dev_005,-2,rbi_mpr_2025_10,,False
demoted,,24,2,RRF_K100,True,,cmp_dev_005,-22,rbi_mpr_2026_04,,False
unchanged,,2,2,RRF_K100,True,,cmp_dev_006,0,rbi_mpr_2025_10,,False
promoted,,14,20,RRF_K100,True,,cmp_dev_007,6,rbi_mpr_2025_10,,False
demoted,,20,7,RRF_K100,True,,cmp_dev_007,-13,rbi_mpr_2026_04,,False
promoted,,1,11,RRF_K100,True,,cmp_dev_008,10,rbi_mpr_2025_10,,False
promoted,,1,25,RRF_K100,True,,cmp_dev_008,24,rbi_mpr_2026_04,,False
promoted,,1,4,RRF_K100,True,,cmp_dev_011,3,rbi_mpr_2025_04,,False
demoted,,23,11,RRF_K100,True,,cmp_dev_011,-12,rbi_mpr_2026_04,,False
demoted,,11,5,RRF_K100,True,,cmp_dev_012,-6,rbi_mpr_2025_04,,False
promoted,,1,9,RRF_K100,True,,cmp_dev_012,8,rbi_mpr_2026_04,,False
promoted,,4,21,RRF_K100,True,,trend_dev_001,17,rbi_mpr_2026_04,,False
demoted,,11,5,RRF_K100,True,,trend_dev_002,-6,rbi_mpr_2025_10,,False
promoted,,1,9,RRF_K100,True,,trend_dev_003,8,rbi_mpr_2025_04,,False
promoted,,2,12,RRF_K100,True,,trend_dev_003,10,rbi_mpr_2025_10,,False
demoted,,7,6,RRF_K100,True,,trend_dev_003,-1,rbi_mpr_2026_04,,False
demoted,,3,1,RRF_K100,True,,trend_dev_005,-2,rbi_mpr_2025_04,,False
promoted,,1,11,RRF_K100,True,,trend_dev_005,10,rbi_mpr_2025_10,,False
promoted,,2,15,RRF_K100,True,,trend_dev_005,13,rbi_mpr_2026_04,,False
unchanged,,1,1,RRF_K100,True,,trend_dev_006,0,rbi_mpr_2025_04,,False
demoted,,6,2,RRF_K100,True,,trend_dev_006,-4,rbi_mpr_2025_10,,False
demoted,,4,1,RRF_K100,True,,trend_dev_006,-3,rbi_mpr_2026_04,,False
unchanged,,1,1,RRF_K30,True,,oct_dev_001,0,rbi_mpr_2025_10,,False
promoted,,4,5,RRF_K30,True,,oct_dev_002,1,rbi_mpr_2025_10,,False
promoted,,3,11,RRF_K30,True,,oct_dev_003,8,rbi_mpr_2025_10,,False
unchanged,,1,1,RRF_K30,True,,oct_dev_004,0,rbi_mpr_2025_10,,False
promoted,,9,12,RRF_K30,True,,oct_dev_005,3,rbi_mpr_2025_10,,False
unchanged,,1,1,RRF_K30,True,,oct_dev_006,0,rbi_mpr_2025_10,,False
demoted,,2,1,RRF_K30,True,,apr26_dev_001,-1,rbi_mpr_2026_04,,False
demoted,,17,7,RRF_K30,True,,apr26_dev_002,-10,rbi_mpr_2026_04,,False
demoted,,12,4,RRF_K30,True,,apr26_dev_003,-8,rbi_mpr_2026_04,,False
promoted,,15,16,RRF_K30,True,,apr26_dev_004,1,rbi_mpr_2026_04,,False
promoted,,10,16,RRF_K30,True,,apr26_dev_005,6,rbi_mpr_2026_04,,False
demoted,,3,2,RRF_K30,True,,apr26_dev_006,-1,rbi_mpr_2026_04,,False
promoted,,3,25,RRF_K30,True,,cmp_dev_001,22,rbi_mpr_2025_04,,False
demoted,,4,1,RRF_K30,True,,cmp_dev_001,-3,rbi_mpr_2025_10,,False
unchanged,,1,1,RRF_K30,True,,cmp_dev_002,0,rbi_mpr_2025_04,,False
demoted,,2,1,RRF_K30,True,,cmp_dev_002,-1,rbi_mpr_2025_10,,False
unchanged,,1,1,RRF_K30,True,,cmp_dev_003,0,rbi_mpr_2025_04,,False
unchanged,,1,1,RRF_K30,True,,cmp_dev_003,0,rbi_mpr_2025_10,,False
promoted,,4,25,RRF_K30,True,,cmp_dev_004,21,rbi_mpr_2025_10,,False
demoted,,3,1,RRF_K30,True,,cmp_dev_005,-2,rbi_mpr_2025_10,,False
demoted,,24,3,RRF_K30,True,,cmp_dev_005,-21,rbi_mpr_2026_04,,False
unchanged,,2,2,RRF_K30,True,,cmp_dev_006,0,rbi_mpr_2025_10,,False
promoted,,14,20,RRF_K30,True,,cmp_dev_007,6,rbi_mpr_2025_10,,False
demoted,,20,7,RRF_K30,True,,cmp_dev_007,-13,rbi_mpr_2026_04,,False
promoted,,1,9,RRF_K30,True,,cmp_dev_008,8,rbi_mpr_2025_10,,False
promoted,,1,25,RRF_K30,True,,cmp_dev_008,24,rbi_mpr_2026_04,,False
promoted,,1,4,RRF_K30,True,,cmp_dev_011,3,rbi_mpr_2025_04,,False
demoted,,23,11,RRF_K30,True,,cmp_dev_011,-12,rbi_mpr_2026_04,,False
demoted,,11,4,RRF_K30,True,,cmp_dev_012,-7,rbi_mpr_2025_04,,False
promoted,,1,8,RRF_K30,True,,cmp_dev_012,7,rbi_mpr_2026_04,,False
promoted,,4,21,RRF_K30,True,,trend_dev_001,17,rbi_mpr_2026_04,,False
demoted,,11,5,RRF_K30,True,,trend_dev_002,-6,rbi_mpr_2025_10,,False
promoted,,1,7,RRF_K30,True,,trend_dev_003,6,rbi_mpr_2025_04,,False
promoted,,2,10,RRF_K30,True,,trend_dev_003,8,rbi_mpr_2025_10,,False
demoted,,7,6,RRF_K30,True,,trend_dev_003,-1,rbi_mpr_2026_04,,False
demoted,,3,1,RRF_K30,True,,trend_dev_005,-2,rbi_mpr_2025_04,,False
promoted,,1,9,RRF_K30,True,,trend_dev_005,8,rbi_mpr_2025_10,,False
promoted,,2,14,RRF_K30,True,,trend_dev_005,12,rbi_mpr_2026_04,,False
unchanged,,1,1,RRF_K30,True,,trend_dev_006,0,rbi_mpr_2025_04,,False
demoted,,6,2,RRF_K30,True,,trend_dev_006,-4,rbi_mpr_2025_10,,False
demoted,,4,1,RRF_K30,True,,trend_dev_006,-3,rbi_mpr_2026_04,,False
unchanged,,1,1,RRF_K60,True,,oct_dev_001,0,rbi_mpr_2025_10,,False
promoted,,4,6,RRF_K60,True,,oct_dev_002,2,rbi_mpr_2025_10,,False
promoted,,3,10,RRF_K60,True,,oct_dev_003,7,rbi_mpr_2025_10,,False
unchanged,,1,1,RRF_K60,True,,oct_dev_004,0,rbi_mpr_2025_10,,False
promoted,,9,14,RRF_K60,True,,oct_dev_005,5,rbi_mpr_2025_10,,False
unchanged,,1,1,RRF_K60,True,,oct_dev_006,0,rbi_mpr_2025_10,,False
demoted,,2,1,RRF_K60,True,,apr26_dev_001,-1,rbi_mpr_2026_04,,False
demoted,,17,7,RRF_K60,True,,apr26_dev_002,-10,rbi_mpr_2026_04,,False
demoted,,12,4,RRF_K60,True,,apr26_dev_003,-8,rbi_mpr_2026_04,,False
promoted,,12,16,RRF_K60,True,,apr26_dev_004,4,rbi_mpr_2026_04,,False
promoted,,10,14,RRF_K60,True,,apr26_dev_005,4,rbi_mpr_2026_04,,False
demoted,,3,2,RRF_K60,True,,apr26_dev_006,-1,rbi_mpr_2026_04,,False
promoted,,3,25,RRF_K60,True,,cmp_dev_001,22,rbi_mpr_2025_04,,False
demoted,,4,1,RRF_K60,True,,cmp_dev_001,-3,rbi_mpr_2025_10,,False
unchanged,,1,1,RRF_K60,True,,cmp_dev_002,0,rbi_mpr_2025_04,,False
demoted,,2,1,RRF_K60,True,,cmp_dev_002,-1,rbi_mpr_2025_10,,False
unchanged,,1,1,RRF_K60,True,,cmp_dev_003,0,rbi_mpr_2025_04,,False
unchanged,,1,1,RRF_K60,True,,cmp_dev_003,0,rbi_mpr_2025_10,,False
promoted,,4,25,RRF_K60,True,,cmp_dev_004,21,rbi_mpr_2025_10,,False
demoted,,3,1,RRF_K60,True,,cmp_dev_005,-2,rbi_mpr_2025_10,,False
demoted,,24,2,RRF_K60,True,,cmp_dev_005,-22,rbi_mpr_2026_04,,False
unchanged,,2,2,RRF_K60,True,,cmp_dev_006,0,rbi_mpr_2025_10,,False
promoted,,14,20,RRF_K60,True,,cmp_dev_007,6,rbi_mpr_2025_10,,False
demoted,,20,7,RRF_K60,True,,cmp_dev_007,-13,rbi_mpr_2026_04,,False
promoted,,1,11,RRF_K60,True,,cmp_dev_008,10,rbi_mpr_2025_10,,False
promoted,,1,25,RRF_K60,True,,cmp_dev_008,24,rbi_mpr_2026_04,,False
promoted,,1,4,RRF_K60,True,,cmp_dev_011,3,rbi_mpr_2025_04,,False
demoted,,23,11,RRF_K60,True,,cmp_dev_011,-12,rbi_mpr_2026_04,,False
demoted,,11,5,RRF_K60,True,,cmp_dev_012,-6,rbi_mpr_2025_04,,False
promoted,,1,9,RRF_K60,True,,cmp_dev_012,8,rbi_mpr_2026_04,,False
promoted,,4,21,RRF_K60,True,,trend_dev_001,17,rbi_mpr_2026_04,,False
demoted,,11,5,RRF_K60,True,,trend_dev_002,-6,rbi_mpr_2025_10,,False
promoted,,1,9,RRF_K60,True,,trend_dev_003,8,rbi_mpr_2025_04,,False
promoted,,2,12,RRF_K60,True,,trend_dev_003,10,rbi_mpr_2025_10,,False
demoted,,7,6,RRF_K60,True,,trend_dev_003,-1,rbi_mpr_2026_04,,False
demoted,,3,1,RRF_K60,True,,trend_dev_005,-2,rbi_mpr_2025_04,,False
promoted,,1,11,RRF_K60,True,,trend_dev_005,10,rbi_mpr_2025_10,,False
promoted,,2,15,RRF_K60,True,,trend_dev_005,13,rbi_mpr_2026_04,,False
unchanged,,1,1,RRF_K60,True,,trend_dev_006,0,rbi_mpr_2025_04,,False
demoted,,6,2,RRF_K60,True,,trend_dev_006,-4,rbi_mpr_2025_10,,False
demoted,,4,1,RRF_K60,True,,trend_dev_006,-3,rbi_mpr_2026_04,,False
unchanged,,1,1,WRRF_D1.5_B1,True,,oct_dev_001,0,rbi_mpr_2025_10,,False
promoted,,4,6,WRRF_D1.5_B1,True,,oct_dev_002,2,rbi_mpr_2025_10,,False
promoted,,3,11,WRRF_D1.5_B1,True,,oct_dev_003,8,rbi_mpr_2025_10,,False
unchanged,,1,1,WRRF_D1.5_B1,True,,oct_dev_004,0,rbi_mpr_2025_10,,False
unchanged,,1,1,WRRF_D1.5_B1,True,,oct_dev_006,0,rbi_mpr_2025_10,,False
demoted,,2,1,WRRF_D1.5_B1,True,,apr26_dev_001,-1,rbi_mpr_2026_04,,False
demoted,,14,7,WRRF_D1.5_B1,True,,apr26_dev_002,-7,rbi_mpr_2026_04,,False
demoted,,11,4,WRRF_D1.5_B1,True,,apr26_dev_003,-7,rbi_mpr_2026_04,,False
promoted,,12,17,WRRF_D1.5_B1,True,,apr26_dev_004,5,rbi_mpr_2026_04,,False
demoted,,17,15,WRRF_D1.5_B1,True,,apr26_dev_005,-2,rbi_mpr_2026_04,,False
demoted,,3,2,WRRF_D1.5_B1,True,,apr26_dev_006,-1,rbi_mpr_2026_04,,False
demoted,,4,1,WRRF_D1.5_B1,True,,cmp_dev_001,-3,rbi_mpr_2025_10,,False
demoted,,2,1,WRRF_D1.5_B1,True,,cmp_dev_002,-1,rbi_mpr_2025_04,,False
demoted,,2,1,WRRF_D1.5_B1,True,,cmp_dev_002,-1,rbi_mpr_2025_10,,False
unchanged,,1,1,WRRF_D1.5_B1,True,,cmp_dev_003,0,rbi_mpr_2025_04,,False
unchanged,,1,1,WRRF_D1.5_B1,True,,cmp_dev_003,0,rbi_mpr_2025_10,,False
demoted,,3,1,WRRF_D1.5_B1,True,,cmp_dev_005,-2,rbi_mpr_2025_10,,False
demoted,,24,4,WRRF_D1.5_B1,True,,cmp_dev_005,-20,rbi_mpr_2026_04,,False
unchanged,,2,2,WRRF_D1.5_B1,True,,cmp_dev_006,0,rbi_mpr_2025_10,,False
demoted,,22,8,WRRF_D1.5_B1,True,,cmp_dev_007,-14,rbi_mpr_2026_04,,False
promoted,,1,10,WRRF_D1.5_B1,True,,cmp_dev_008,9,rbi_mpr_2025_10,,False
promoted,,1,19,WRRF_D1.5_B1,True,,cmp_dev_008,18,rbi_mpr_2026_04,,False
promoted,,3,21,WRRF_D1.5_B1,True,,cmp_dev_009,18,rbi_mpr_2026_04,,False
promoted,,23,27,WRRF_D1.5_B1,True,,cmp_dev_010,4,rbi_mpr_2026_04,,False
promoted,,1,3,WRRF_D1.5_B1,True,,cmp_dev_011,2,rbi_mpr_2025_04,,False
demoted,,24,10,WRRF_D1.5_B1,True,,cmp_dev_011,-14,rbi_mpr_2026_04,,False
demoted,,10,3,WRRF_D1.5_B1,True,,cmp_dev_012,-7,rbi_mpr_2025_04,,False
promoted,,1,9,WRRF_D1.5_B1,True,,cmp_dev_012,8,rbi_mpr_2026_04,,False
promoted,,8,21,WRRF_D1.5_B1,True,,trend_dev_001,13,rbi_mpr_2025_10,,False
promoted,,6,13,WRRF_D1.5_B1,True,,trend_dev_001,7,rbi_mpr_2026_04,,False
demoted,,16,5,WRRF_D1.5_B1,True,,trend_dev_002,-11,rbi_mpr_2025_10,,False
promoted,,1,8,WRRF_D1.5_B1,True,,trend_dev_003,7,rbi_mpr_2025_04,,False
promoted,,2,11,WRRF_D1.5_B1,True,,trend_dev_003,9,rbi_mpr_2025_10,,False
demoted,,6,5,WRRF_D1.5_B1,True,,trend_dev_003,-1,rbi_mpr_2026_04,,False
demoted,,2,1,WRRF_D1.5_B1,True,,trend_dev_005,-1,rbi_mpr_2025_04,,False
promoted,,1,9,WRRF_D1.5_B1,True,,trend_dev_005,8,rbi_mpr_2025_10,,False
promoted,,2,15,WRRF_D1.5_B1,True,,trend_dev_005,13,rbi_mpr_2026_04,,False
unchanged,,1,1,WRRF_D1.5_B1,True,,trend_dev_006,0,rbi_mpr_2025_04,,False
demoted,,6,2,WRRF_D1.5_B1,True,,trend_dev_006,-4,rbi_mpr_2025_10,,False
demoted,,4,1,WRRF_D1.5_B1,True,,trend_dev_006,-3,rbi_mpr_2026_04,,False
unchanged,,1,1,WRRF_D1_B1,True,,oct_dev_001,0,rbi_mpr_2025_10,,False
promoted,,4,6,WRRF_D1_B1,True,,oct_dev_002,2,rbi_mpr_2025_10,,False
promoted,,3,10,WRRF_D1_B1,True,,oct_dev_003,7,rbi_mpr_2025_10,,False
unchanged,,1,1,WRRF_D1_B1,True,,oct_dev_004,0,rbi_mpr_2025_10,,False
promoted,,9,14,WRRF_D1_B1,True,,oct_dev_005,5,rbi_mpr_2025_10,,False
unchanged,,1,1,WRRF_D1_B1,True,,oct_dev_006,0,rbi_mpr_2025_10,,False
demoted,,2,1,WRRF_D1_B1,True,,apr26_dev_001,-1,rbi_mpr_2026_04,,False
demoted,,17,7,WRRF_D1_B1,True,,apr26_dev_002,-10,rbi_mpr_2026_04,,False
demoted,,12,4,WRRF_D1_B1,True,,apr26_dev_003,-8,rbi_mpr_2026_04,,False
promoted,,12,16,WRRF_D1_B1,True,,apr26_dev_004,4,rbi_mpr_2026_04,,False
promoted,,10,14,WRRF_D1_B1,True,,apr26_dev_005,4,rbi_mpr_2026_04,,False
demoted,,3,2,WRRF_D1_B1,True,,apr26_dev_006,-1,rbi_mpr_2026_04,,False
promoted,,3,25,WRRF_D1_B1,True,,cmp_dev_001,22,rbi_mpr_2025_04,,False
demoted,,4,1,WRRF_D1_B1,True,,cmp_dev_001,-3,rbi_mpr_2025_10,,False
unchanged,,1,1,WRRF_D1_B1,True,,cmp_dev_002,0,rbi_mpr_2025_04,,False
demoted,,2,1,WRRF_D1_B1,True,,cmp_dev_002,-1,rbi_mpr_2025_10,,False
unchanged,,1,1,WRRF_D1_B1,True,,cmp_dev_003,0,rbi_mpr_2025_04,,False
unchanged,,1,1,WRRF_D1_B1,True,,cmp_dev_003,0,rbi_mpr_2025_10,,False
promoted,,4,25,WRRF_D1_B1,True,,cmp_dev_004,21,rbi_mpr_2025_10,,False
demoted,,3,1,WRRF_D1_B1,True,,cmp_dev_005,-2,rbi_mpr_2025_10,,False
demoted,,24,2,WRRF_D1_B1,True,,cmp_dev_005,-22,rbi_mpr_2026_04,,False
unchanged,,2,2,WRRF_D1_B1,True,,cmp_dev_006,0,rbi_mpr_2025_10,,False
promoted,,14,20,WRRF_D1_B1,True,,cmp_dev_007,6,rbi_mpr_2025_10,,False
demoted,,20,7,WRRF_D1_B1,True,,cmp_dev_007,-13,rbi_mpr_2026_04,,False
promoted,,1,11,WRRF_D1_B1,True,,cmp_dev_008,10,rbi_mpr_2025_10,,False
promoted,,1,25,WRRF_D1_B1,True,,cmp_dev_008,24,rbi_mpr_2026_04,,False
promoted,,1,4,WRRF_D1_B1,True,,cmp_dev_011,3,rbi_mpr_2025_04,,False
demoted,,23,11,WRRF_D1_B1,True,,cmp_dev_011,-12,rbi_mpr_2026_04,,False
demoted,,11,5,WRRF_D1_B1,True,,cmp_dev_012,-6,rbi_mpr_2025_04,,False
promoted,,1,9,WRRF_D1_B1,True,,cmp_dev_012,8,rbi_mpr_2026_04,,False
promoted,,4,21,WRRF_D1_B1,True,,trend_dev_001,17,rbi_mpr_2026_04,,False
demoted,,11,5,WRRF_D1_B1,True,,trend_dev_002,-6,rbi_mpr_2025_10,,False
promoted,,1,9,WRRF_D1_B1,True,,trend_dev_003,8,rbi_mpr_2025_04,,False
promoted,,2,12,WRRF_D1_B1,True,,trend_dev_003,10,rbi_mpr_2025_10,,False
demoted,,7,6,WRRF_D1_B1,True,,trend_dev_003,-1,rbi_mpr_2026_04,,False
demoted,,3,1,WRRF_D1_B1,True,,trend_dev_005,-2,rbi_mpr_2025_04,,False
promoted,,1,11,WRRF_D1_B1,True,,trend_dev_005,10,rbi_mpr_2025_10,,False
promoted,,2,15,WRRF_D1_B1,True,,trend_dev_005,13,rbi_mpr_2026_04,,False
unchanged,,1,1,WRRF_D1_B1,True,,trend_dev_006,0,rbi_mpr_2025_04,,False
demoted,,6,2,WRRF_D1_B1,True,,trend_dev_006,-4,rbi_mpr_2025_10,,False
demoted,,4,1,WRRF_D1_B1,True,,trend_dev_006,-3,rbi_mpr_2026_04,,False
unchanged,,1,1,WRRF_D1_B1.5,True,,oct_dev_001,0,rbi_mpr_2025_10,,False
unchanged,,4,4,WRRF_D1_B1.5,True,,oct_dev_002,0,rbi_mpr_2025_10,,False
demoted,,14,11,WRRF_D1_B1.5,True,,oct_dev_003,-3,rbi_mpr_2025_10,,False
unchanged,,1,1,WRRF_D1_B1.5,True,,oct_dev_004,0,rbi_mpr_2025_10,,False
promoted,,7,12,WRRF_D1_B1.5,True,,oct_dev_005,5,rbi_mpr_2025_10,,False
unchanged,,1,1,WRRF_D1_B1.5,True,,oct_dev_006,0,rbi_mpr_2025_10,,False
unchanged,,1,1,WRRF_D1_B1.5,True,,apr26_dev_001,0,rbi_mpr_2026_04,,False
demoted,,20,6,WRRF_D1_B1.5,True,,apr26_dev_002,-14,rbi_mpr_2026_04,,False
demoted,,12,4,WRRF_D1_B1.5,True,,apr26_dev_003,-8,rbi_mpr_2026_04,,False
promoted,,12,15,WRRF_D1_B1.5,True,,apr26_dev_004,3,rbi_mpr_2026_04,,False
promoted,,11,15,WRRF_D1_B1.5,True,,apr26_dev_005,4,rbi_mpr_2026_04,,False
demoted,,3,2,WRRF_D1_B1.5,True,,apr26_dev_006,-1,rbi_mpr_2026_04,,False
promoted,,3,22,WRRF_D1_B1.5,True,,cmp_dev_001,19,rbi_mpr_2025_04,,False
demoted,,4,1,WRRF_D1_B1.5,True,,cmp_dev_001,-3,rbi_mpr_2025_10,,False
unchanged,,1,1,WRRF_D1_B1.5,True,,cmp_dev_002,0,rbi_mpr_2025_04,,False
demoted,,2,1,WRRF_D1_B1.5,True,,cmp_dev_002,-1,rbi_mpr_2025_10,,False
unchanged,,1,1,WRRF_D1_B1.5,True,,cmp_dev_003,0,rbi_mpr_2025_04,,False
unchanged,,1,1,WRRF_D1_B1.5,True,,cmp_dev_003,0,rbi_mpr_2025_10,,False
promoted,,2,25,WRRF_D1_B1.5,True,,cmp_dev_004,23,rbi_mpr_2025_04,,False
promoted,,4,19,WRRF_D1_B1.5,True,,cmp_dev_004,15,rbi_mpr_2025_10,,False
demoted,,3,1,WRRF_D1_B1.5,True,,cmp_dev_005,-2,rbi_mpr_2025_10,,False
demoted,,21,2,WRRF_D1_B1.5,True,,cmp_dev_005,-19,rbi_mpr_2026_04,,False
promoted,,2,3,WRRF_D1_B1.5,True,,cmp_dev_006,1,rbi_mpr_2025_10,,False
promoted,,15,18,WRRF_D1_B1.5,True,,cmp_dev_007,3,rbi_mpr_2025_10,,False
demoted,,17,7,WRRF_D1_B1.5,True,,cmp_dev_007,-10,rbi_mpr_2026_04,,False
promoted,,1,5,WRRF_D1_B1.5,True,,cmp_dev_011,4,rbi_mpr_2025_04,,False
demoted,,22,11,WRRF_D1_B1.5,True,,cmp_dev_011,-11,rbi_mpr_2026_04,,False
demoted,,9,6,WRRF_D1_B1.5,True,,cmp_dev_012,-3,rbi_mpr_2025_04,,False
unchanged,,5,5,WRRF_D1_B1.5,True,,trend_dev_002,0,rbi_mpr_2025_10,,False
demoted,,6,5,WRRF_D1_B1.5,True,,trend_dev_003,-1,rbi_mpr_2026_04,,False
demoted,,3,1,WRRF_D1_B1.5,True,,trend_dev_005,-2,rbi_mpr_2025_04,,False
unchanged,,1,1,WRRF_D1_B1.5,True,,trend_dev_006,0,rbi_mpr_2025_04,,False
demoted,,6,3,WRRF_D1_B1.5,True,,trend_dev_006,-3,rbi_mpr_2025_10,,False
demoted,,4,1,WRRF_D1_B1.5,True,,trend_dev_006,-3,rbi_mpr_2026_04,,False
unchanged,,1,1,WRRF_D1_B2,True,,oct_dev_001,0,rbi_mpr_2025_10,,False
demoted,,4,3,WRRF_D1_B2,True,,oct_dev_002,-1,rbi_mpr_2025_10,,False
demoted,,14,10,WRRF_D1_B2,True,,oct_dev_003,-4,rbi_mpr_2025_10,,False
unchanged,,1,1,WRRF_D1_B2,True,,oct_dev_004,0,rbi_mpr_2025_10,,False
promoted,,7,10,WRRF_D1_B2,True,,oct_dev_005,3,rbi_mpr_2025_10,,False
unchanged,,1,1,WRRF_D1_B2,True,,oct_dev_006,0,rbi_mpr_2025_10,,False
unchanged,,1,1,WRRF_D1_B2,True,,apr26_dev_001,0,rbi_mpr_2026_04,,False
demoted,,20,5,WRRF_D1_B2,True,,apr26_dev_002,-15,rbi_mpr_2026_04,,False
demoted,,12,4,WRRF_D1_B2,True,,apr26_dev_003,-8,rbi_mpr_2026_04,,False
promoted,,12,14,WRRF_D1_B2,True,,apr26_dev_004,2,rbi_mpr_2026_04,,False
promoted,,11,15,WRRF_D1_B2,True,,apr26_dev_005,4,rbi_mpr_2026_04,,False
demoted,,3,2,WRRF_D1_B2,True,,apr26_dev_006,-1,rbi_mpr_2026_04,,False
promoted,,3,22,WRRF_D1_B2,True,,cmp_dev_001,19,rbi_mpr_2025_04,,False
demoted,,4,1,WRRF_D1_B2,True,,cmp_dev_001,-3,rbi_mpr_2025_10,,False
unchanged,,1,1,WRRF_D1_B2,True,,cmp_dev_002,0,rbi_mpr_2025_04,,False
demoted,,2,1,WRRF_D1_B2,True,,cmp_dev_002,-1,rbi_mpr_2025_10,,False
promoted,,1,2,WRRF_D1_B2,True,,cmp_dev_003,1,rbi_mpr_2025_04,,False
unchanged,,1,1,WRRF_D1_B2,True,,cmp_dev_003,0,rbi_mpr_2025_10,,False
promoted,,2,25,WRRF_D1_B2,True,,cmp_dev_004,23,rbi_mpr_2025_04,,False
promoted,,4,19,WRRF_D1_B2,True,,cmp_dev_004,15,rbi_mpr_2025_10,,False
demoted,,3,1,WRRF_D1_B2,True,,cmp_dev_005,-2,rbi_mpr_2025_10,,False
demoted,,21,2,WRRF_D1_B2,True,,cmp_dev_005,-19,rbi_mpr_2026_04,,False
promoted,,2,5,WRRF_D1_B2,True,,cmp_dev_006,3,rbi_mpr_2025_10,,False
promoted,,15,18,WRRF_D1_B2,True,,cmp_dev_007,3,rbi_mpr_2025_10,,False
demoted,,17,7,WRRF_D1_B2,True,,cmp_dev_007,-10,rbi_mpr_2026_04,,False
promoted,,1,6,WRRF_D1_B2,True,,cmp_dev_011,5,rbi_mpr_2025_04,,False
demoted,,22,9,WRRF_D1_B2,True,,cmp_dev_011,-13,rbi_mpr_2026_04,,False
demoted,,9,7,WRRF_D1_B2,True,,cmp_dev_012,-2,rbi_mpr_2025_04,,False
unchanged,,5,5,WRRF_D1_B2,True,,trend_dev_002,0,rbi_mpr_2025_10,,False
demoted,,6,5,WRRF_D1_B2,True,,trend_dev_003,-1,rbi_mpr_2026_04,,False
demoted,,3,1,WRRF_D1_B2,True,,trend_dev_005,-2,rbi_mpr_2025_04,,False
unchanged,,1,1,WRRF_D1_B2,True,,trend_dev_006,0,rbi_mpr_2025_04,,False
demoted,,6,3,WRRF_D1_B2,True,,trend_dev_006,-3,rbi_mpr_2025_10,,False
demoted,,4,1,WRRF_D1_B2,True,,trend_dev_006,-3,rbi_mpr_2026_04,,False
promoted,,1,2,WRRF_D2_B1,True,,oct_dev_001,1,rbi_mpr_2025_10,,False
promoted,,4,8,WRRF_D2_B1,True,,oct_dev_002,4,rbi_mpr_2025_10,,False
promoted,,3,10,WRRF_D2_B1,True,,oct_dev_003,7,rbi_mpr_2025_10,,False
unchanged,,1,1,WRRF_D2_B1,True,,oct_dev_004,0,rbi_mpr_2025_10,,False
unchanged,,1,1,WRRF_D2_B1,True,,oct_dev_006,0,rbi_mpr_2025_10,,False
demoted,,2,1,WRRF_D2_B1,True,,apr26_dev_001,-1,rbi_mpr_2026_04,,False
demoted,,14,8,WRRF_D2_B1,True,,apr26_dev_002,-6,rbi_mpr_2026_04,,False
demoted,,11,4,WRRF_D2_B1,True,,apr26_dev_003,-7,rbi_mpr_2026_04,,False
promoted,,13,17,WRRF_D2_B1,True,,apr26_dev_004,4,rbi_mpr_2026_04,,False
promoted,,17,19,WRRF_D2_B1,True,,apr26_dev_005,2,rbi_mpr_2026_04,,False
demoted,,3,2,WRRF_D2_B1,True,,apr26_dev_006,-1,rbi_mpr_2026_04,,False
demoted,,4,1,WRRF_D2_B1,True,,cmp_dev_001,-3,rbi_mpr_2025_10,,False
demoted,,2,1,WRRF_D2_B1,True,,cmp_dev_002,-1,rbi_mpr_2025_04,,False
demoted,,2,1,WRRF_D2_B1,True,,cmp_dev_002,-1,rbi_mpr_2025_10,,False
unchanged,,1,1,WRRF_D2_B1,True,,cmp_dev_003,0,rbi_mpr_2025_04,,False
unchanged,,1,1,WRRF_D2_B1,True,,cmp_dev_003,0,rbi_mpr_2025_10,,False
demoted,,3,1,WRRF_D2_B1,True,,cmp_dev_005,-2,rbi_mpr_2025_10,,False
demoted,,24,4,WRRF_D2_B1,True,,cmp_dev_005,-20,rbi_mpr_2026_04,,False
demoted,,2,1,WRRF_D2_B1,True,,cmp_dev_006,-1,rbi_mpr_2025_10,,False
demoted,,22,8,WRRF_D2_B1,True,,cmp_dev_007,-14,rbi_mpr_2026_04,,False
promoted,,1,7,WRRF_D2_B1,True,,cmp_dev_008,6,rbi_mpr_2025_10,,False
promoted,,1,19,WRRF_D2_B1,True,,cmp_dev_008,18,rbi_mpr_2026_04,,False
promoted,,3,21,WRRF_D2_B1,True,,cmp_dev_009,18,rbi_mpr_2026_04,,False
promoted,,23,27,WRRF_D2_B1,True,,cmp_dev_010,4,rbi_mpr_2026_04,,False
promoted,,1,2,WRRF_D2_B1,True,,cmp_dev_011,1,rbi_mpr_2025_04,,False
demoted,,24,9,WRRF_D2_B1,True,,cmp_dev_011,-15,rbi_mpr_2026_04,,False
demoted,,10,2,WRRF_D2_B1,True,,cmp_dev_012,-8,rbi_mpr_2025_04,,False
promoted,,1,7,WRRF_D2_B1,True,,cmp_dev_012,6,rbi_mpr_2026_04,,False
promoted,,8,21,WRRF_D2_B1,True,,trend_dev_001,13,rbi_mpr_2025_10,,False
promoted,,6,12,WRRF_D2_B1,True,,trend_dev_001,6,rbi_mpr_2026_04,,False
demoted,,16,8,WRRF_D2_B1,True,,trend_dev_002,-8,rbi_mpr_2025_10,,False
promoted,,1,7,WRRF_D2_B1,True,,trend_dev_003,6,rbi_mpr_2025_04,,False
promoted,,2,10,WRRF_D2_B1,True,,trend_dev_003,8,rbi_mpr_2025_10,,False
demoted,,6,4,WRRF_D2_B1,True,,trend_dev_003,-2,rbi_mpr_2026_04,,False
demoted,,2,1,WRRF_D2_B1,True,,trend_dev_005,-1,rbi_mpr_2025_04,,False
promoted,,1,7,WRRF_D2_B1,True,,trend_dev_005,6,rbi_mpr_2025_10,,False
promoted,,2,12,WRRF_D2_B1,True,,trend_dev_005,10,rbi_mpr_2026_04,,False
unchanged,,1,1,WRRF_D2_B1,True,,trend_dev_006,0,rbi_mpr_2025_04,,False
demoted,,6,2,WRRF_D2_B1,True,,trend_dev_006,-4,rbi_mpr_2025_10,,False
demoted,,4,1,WRRF_D2_B1,True,,trend_dev_006,-3,rbi_mpr_2026_04,,False
unchanged,,1,1,repaired_baseline,True,,oct_dev_001,0,rbi_mpr_2025_10,,False
promoted,,4,6,repaired_baseline,True,,oct_dev_002,2,rbi_mpr_2025_10,,False
promoted,,2,5,repaired_baseline,True,,oct_dev_003,3,rbi_mpr_2025_10,,False
unchanged,,1,1,repaired_baseline,True,,oct_dev_004,0,rbi_mpr_2025_10,,False
promoted,,4,5,repaired_baseline,True,,oct_dev_005,1,rbi_mpr_2025_10,,False
unchanged,,1,1,repaired_baseline,True,,oct_dev_006,0,rbi_mpr_2025_10,,False
demoted,,2,1,repaired_baseline,True,,apr26_dev_001,-1,rbi_mpr_2026_04,,False
demoted,,8,4,repaired_baseline,True,,apr26_dev_003,-4,rbi_mpr_2026_04,,False
promoted,,7,9,repaired_baseline,True,,apr26_dev_005,2,rbi_mpr_2026_04,,False
unchanged,,2,2,repaired_baseline,True,,apr26_dev_006,0,rbi_mpr_2026_04,,False
promoted,,2,13,repaired_baseline,True,,cmp_dev_001,11,rbi_mpr_2025_04,,False
demoted,,3,1,repaired_baseline,True,,cmp_dev_001,-2,rbi_mpr_2025_10,,False
unchanged,,1,1,repaired_baseline,True,,cmp_dev_002,0,rbi_mpr_2025_04,,False
demoted,,2,1,repaired_baseline,True,,cmp_dev_002,-1,rbi_mpr_2025_10,,False
unchanged,,1,1,repaired_baseline,True,,cmp_dev_003,0,rbi_mpr_2025_04,,False
unchanged,,1,1,repaired_baseline,True,,cmp_dev_003,0,rbi_mpr_2025_10,,False
demoted,,2,1,repaired_baseline,True,,cmp_dev_005,-1,rbi_mpr_2025_10,,False
unchanged,,2,2,repaired_baseline,True,,cmp_dev_006,0,rbi_mpr_2025_10,,False
promoted,,10,11,repaired_baseline,True,,cmp_dev_007,1,rbi_mpr_2025_10,,False
promoted,,1,2,repaired_baseline,True,,cmp_dev_008,1,rbi_mpr_2025_10,,False
promoted,,1,4,repaired_baseline,True,,cmp_dev_011,3,rbi_mpr_2025_04,,False
unchanged,,9,9,repaired_baseline,True,,cmp_dev_012,0,rbi_mpr_2025_04,,False
promoted,,1,4,repaired_baseline,True,,cmp_dev_012,3,rbi_mpr_2026_04,,False
unchanged,,2,2,repaired_baseline,True,,trend_dev_003,0,rbi_mpr_2025_04,,False
unchanged,,2,2,repaired_baseline,True,,trend_dev_003,0,rbi_mpr_2025_10,,False
demoted,,3,1,repaired_baseline,True,,trend_dev_005,-2,rbi_mpr_2025_04,,False
promoted,,1,6,repaired_baseline,True,,trend_dev_005,5,rbi_mpr_2025_10,,False
promoted,,2,4,repaired_baseline,True,,trend_dev_005,2,rbi_mpr_2026_04,,False
demoted,,2,1,repaired_baseline,True,,trend_dev_006,-1,rbi_mpr_2025_04,,False
demoted,,5,2,repaired_baseline,True,,trend_dev_006,-3,rbi_mpr_2025_10,,False
demoted,,4,1,repaired_baseline,True,,trend_dev_006,-3,rbi_mpr_2026_04,,False
unchanged,,1,1,temporal_baseline,True,,oct_dev_001,0,rbi_mpr_2025_10,,False
promoted,,4,6,temporal_baseline,True,,oct_dev_002,2,rbi_mpr_2025_10,,False
promoted,,2,5,temporal_baseline,True,,oct_dev_003,3,rbi_mpr_2025_10,,False
unchanged,,1,1,temporal_baseline,True,,oct_dev_004,0,rbi_mpr_2025_10,,False
promoted,,4,5,temporal_baseline,True,,oct_dev_005,1,rbi_mpr_2025_10,,False
unchanged,,1,1,temporal_baseline,True,,oct_dev_006,0,rbi_mpr_2025_10,,False
demoted,,2,1,temporal_baseline,True,,apr26_dev_001,-1,rbi_mpr_2026_04,,False
demoted,,8,4,temporal_baseline,True,,apr26_dev_003,-4,rbi_mpr_2026_04,,False
promoted,,7,9,temporal_baseline,True,,apr26_dev_005,2,rbi_mpr_2026_04,,False
unchanged,,2,2,temporal_baseline,True,,apr26_dev_006,0,rbi_mpr_2026_04,,False
promoted,,2,13,temporal_baseline,True,,cmp_dev_001,11,rbi_mpr_2025_04,,False
demoted,,3,1,temporal_baseline,True,,cmp_dev_001,-2,rbi_mpr_2025_10,,False
unchanged,,1,1,temporal_baseline,True,,cmp_dev_002,0,rbi_mpr_2025_04,,False
demoted,,2,1,temporal_baseline,True,,cmp_dev_002,-1,rbi_mpr_2025_10,,False
unchanged,,1,1,temporal_baseline,True,,cmp_dev_003,0,rbi_mpr_2025_04,,False
unchanged,,1,1,temporal_baseline,True,,cmp_dev_003,0,rbi_mpr_2025_10,,False
demoted,,2,1,temporal_baseline,True,,cmp_dev_005,-1,rbi_mpr_2025_10,,False
unchanged,,2,2,temporal_baseline,True,,cmp_dev_006,0,rbi_mpr_2025_10,,False
promoted,,10,11,temporal_baseline,True,,cmp_dev_007,1,rbi_mpr_2025_10,,False
promoted,,1,2,temporal_baseline,True,,cmp_dev_008,1,rbi_mpr_2025_10,,False
promoted,,1,4,temporal_baseline,True,,cmp_dev_011,3,rbi_mpr_2025_04,,False
unchanged,,9,9,temporal_baseline,True,,cmp_dev_012,0,rbi_mpr_2025_04,,False
promoted,,1,4,temporal_baseline,True,,cmp_dev_012,3,rbi_mpr_2026_04,,False
unchanged,,2,2,temporal_baseline,True,,trend_dev_003,0,rbi_mpr_2025_04,,False
unchanged,,2,2,temporal_baseline,True,,trend_dev_003,0,rbi_mpr_2025_10,,False
demoted,,3,1,temporal_baseline,True,,trend_dev_005,-2,rbi_mpr_2025_04,,False
promoted,,1,6,temporal_baseline,True,,trend_dev_005,5,rbi_mpr_2025_10,,False
promoted,,2,4,temporal_baseline,True,,trend_dev_005,2,rbi_mpr_2026_04,,False
demoted,,2,1,temporal_baseline,True,,trend_dev_006,-1,rbi_mpr_2025_04,,False
demoted,,5,2,temporal_baseline,True,,trend_dev_006,-3,rbi_mpr_2025_10,,False
demoted,,4,1,temporal_baseline,True,,trend_dev_006,-3,rbi_mpr_2026_04,,False
